,raw,floored
0,0.5228475228475229,0.5
1,0.5353535353535354,0.5093795093795094
2,0.5281385281385281,0.5002405002405003
3,0.5233285233285233,0.5103415103415103
4,0.5310245310245311,0.5014430014430015
5,0.5406445406445406,0.5036075036075036
6,0.5305435305435305,0.5052910052910053
7,0.51996151996152,0.5216450216450217
8,0.5185185185185185,0.5009620009620009
9,0.5271765271765272,0.5214045214045214
10,0.531986531986532,0.5086580086580087
11,0.5377585377585378,0.5139490139490139
12,0.5050505050505051,0.5175565175565175
13,0.517075517075517,0.5233285233285233
14,0.5233285233285233,0.5081770081770082
15,0.506974506974507,0.5223665223665224
16,0.5161135161135161,0.5214045214045214
17,0.5233285233285233,0.523088023088023
18,0.5274170274170275,0.5
19,0.5358345358345359,0.5014430014430015
20,0.5146705146705147,0.5
21,0.5238095238095238,0.5014430014430015
22,0.5127465127465127,0.5004810004810005
23,0.5233285233285233,0.5004810004810005
24,0.5238095238095238,0.5
25,0.5238095238095238,0.5021645021645021
26,0.5180375180375181,0.5
27,0.5180375180375181,0.5012025012025012
28,0.5286195286195287,0.5009620009620009
29,0.5281385281385281,0.5016835016835017
30,0.5177970177970178,0.5
31,0.5165945165945166,0.5019240019240019
32,0.5416065416065416,0.5009620009620009
33,0.5242905242905243,0.5019240019240019
34,0.5132275132275133,0.5033670033670034
35,0.5223665223665224,0.5019240019240019
36,0.5957446808510638,0.5106382978723404
37,0.7553191489361702,0.648936170212766
38,0.5319148936170213,0.5
39,0.7659574468085106,0.6170212765957447
40,0.7872340425531915,0.648936170212766
41,0.8404255319148937,0.6542553191489362
42,0.5957446808510638,0.5425531914893617
43,0.7446808510638298,0.648936170212766
44,0.6063829787234043,0.5
45,0.7446808510638298,0.6329787234042553
46,0.8936170212765957,0.6702127659574468
47,0.851063829787234,0.6914893617021277
48,0.5425531914893617,0.5531914893617021
49,0.7659574468085106,0.6542553191489362
50,0.6595744680851063,0.526595744680851
51,0.776595744680851,0.648936170212766
52,0.8404255319148937,0.6968085106382979
53,0.8936170212765957,0.6808510638297872
54,0.648936170212766,0.5
55,0.6595744680851063,0.6117021276595744
56,0.5851063829787234,0.4946808510638298
57,0.7659574468085106,0.6382978723404256
58,0.7553191489361702,0.5957446808510638
59,0.7872340425531915,0.601063829787234
60,0.5851063829787234,0.5
61,0.6808510638297872,0.6276595744680851
62,0.5957446808510638,0.5
63,0.7659574468085106,0.6436170212765957
64,0.8085106382978723,0.6542553191489362
65,0.8297872340425532,0.6436170212765957
66,0.6170212765957447,0.5
67,0.7021276595744681,0.6382978723404256
68,0.6382978723404256,0.5
69,0.8085106382978723,0.6382978723404256
70,0.8297872340425532,0.6595744680851063
71,0.8404255319148937,0.6436170212765957
72,0.6063829787234043,0.5053191489361702
73,0.8085106382978723,0.5797872340425532
74,0.6276595744680851,0.4946808510638298
75,0.8085106382978723,0.6117021276595744
76,0.7872340425531915,0.601063829787234
77,0.8617021276595744,0.6223404255319149
78,0.6808510638297872,0.5319148936170213
79,0.8191489361702128,0.6223404255319149
80,0.6276595744680851,0.5106382978723404
81,0.8723404255319149,0.6223404255319149
82,0.925531914893617,0.6276595744680851
83,0.9361702127659575,0.6276595744680851
84,0.6595744680851063,0.5531914893617021
85,0.8297872340425532,0.6170212765957447
86,0.7446808510638298,0.5372340425531915
87,0.8723404255319149,0.6329787234042553
88,0.8936170212765957,0.6276595744680851
89,0.9042553191489362,0.6382978723404256
90,0.6063829787234043,0.5053191489361702
91,0.7340425531914894,0.5478723404255319
92,0.5957446808510638,0.5
93,0.7978723404255319,0.5478723404255319
94,0.7340425531914894,0.5
95,0.8404255319148937,0.5531914893617021
96,0.574468085106383,0.5
97,0.7872340425531915,0.5425531914893617
98,0.6382978723404256,0.5
99,0.8404255319148937,0.5851063829787234
100,0.8297872340425532,0.5957446808510638
101,0.9042553191489362,0.574468085106383
102,0.6382978723404256,0.5
103,0.8085106382978723,0.5638297872340425
104,0.7340425531914894,0.5106382978723404
105,0.8617021276595744,0.5691489361702128
106,0.851063829787234,0.6170212765957447
107,0.8936170212765957,0.5904255319148937
108,0.5319148936170213,0.5
109,0.8191489361702128,0.6170212765957447
110,0.4787234042553192,0.5053191489361702
111,0.7553191489361702,0.6382978723404256
112,0.7553191489361702,0.6117021276595744
113,0.7446808510638298,0.6329787234042553
114,0.5957446808510638,0.5372340425531915
115,0.7872340425531915,0.6223404255319149
116,0.6808510638297872,0.5053191489361702
117,0.776595744680851,0.6436170212765957
118,0.8297872340425532,0.6436170212765957
119,0.8191489361702128,0.648936170212766
120,0.6808510638297872,0.5531914893617021
121,0.7872340425531915,0.6276595744680851
122,0.7127659574468085,0.5319148936170213
123,0.851063829787234,0.6276595744680851
124,0.8617021276595744,0.648936170212766
125,0.8617021276595744,0.6542553191489362
126,0.574468085106383,0.5
127,0.6382978723404256,0.5372340425531915
128,0.6063829787234043,0.5
129,0.7340425531914894,0.5851063829787234
130,0.723404255319149,0.5425531914893617
131,0.776595744680851,0.5638297872340425
132,0.574468085106383,0.5
133,0.7021276595744681,0.5478723404255319
134,0.6595744680851063,0.5
135,0.776595744680851,0.6276595744680851
136,0.8404255319148937,0.6436170212765957
137,0.8297872340425532,0.6063829787234043
138,0.5957446808510638,0.5
139,0.723404255319149,0.5585106382978723
140,0.6595744680851063,0.5
141,0.7978723404255319,0.6170212765957447
142,0.8297872340425532,0.6329787234042553
143,0.8404255319148937,0.6223404255319149
144,0.5319148936170213,0.5
145,0.8085106382978723,0.6436170212765957
146,0.5638297872340425,0.5
147,0.776595744680851,0.601063829787234
148,0.776595744680851,0.5957446808510638
149,0.851063829787234,0.6276595744680851
150,0.648936170212766,0.5425531914893617
151,0.8617021276595744,0.6542553191489362
152,0.6702127659574468,0.5159574468085106
153,0.8617021276595744,0.6436170212765957
154,0.9361702127659575,0.6382978723404256
155,0.925531914893617,0.6436170212765957
156,0.6595744680851063,0.5478723404255319
157,0.8829787234042553,0.6808510638297872
158,0.776595744680851,0.5478723404255319
159,0.851063829787234,0.6595744680851063
160,0.925531914893617,0.6382978723404256
161,0.925531914893617,0.6436170212765957
162,0.6170212765957447,0.5106382978723404
163,0.7446808510638298,0.5904255319148937
164,0.6170212765957447,0.5
165,0.7978723404255319,0.5585106382978723
166,0.7340425531914894,0.601063829787234
167,0.8297872340425532,0.6063829787234043
168,0.6276595744680851,0.5053191489361702
169,0.7872340425531915,0.6223404255319149
170,0.6808510638297872,0.5053191489361702
171,0.8404255319148937,0.5904255319148937
172,0.8085106382978723,0.6382978723404256
173,0.851063829787234,0.5957446808510638
174,0.5957446808510638,0.5053191489361702
175,0.7978723404255319,0.6117021276595744
176,0.7553191489361702,0.5159574468085106
177,0.8404255319148937,0.601063829787234
178,0.8936170212765957,0.6223404255319149
179,0.9148936170212766,0.5957446808510638
180,0.5957446808510638,0.5
181,0.6382978723404256,0.5904255319148937
182,0.5425531914893617,0.5
183,0.6595744680851063,0.6063829787234043
184,0.7872340425531915,0.6117021276595744
185,0.7659574468085106,0.6276595744680851
186,0.6276595744680851,0.5531914893617021
187,0.6914893617021277,0.6117021276595744
188,0.723404255319149,0.5053191489361702
189,0.7659574468085106,0.601063829787234
190,0.8085106382978723,0.6542553191489362
191,0.851063829787234,0.6436170212765957
192,0.6595744680851063,0.5585106382978723
193,0.6914893617021277,0.6170212765957447
194,0.6914893617021277,0.5319148936170213
195,0.7659574468085106,0.601063829787234
196,0.8297872340425532,0.6595744680851063
197,0.8297872340425532,0.6702127659574468
198,0.5212765957446809,0.5
199,0.5957446808510638,0.5478723404255319
200,0.5957446808510638,0.5053191489361702
201,0.7446808510638298,0.6276595744680851
202,0.7446808510638298,0.5797872340425532
203,0.776595744680851,0.526595744680851
204,0.5425531914893617,0.5
205,0.6808510638297872,0.5585106382978723
206,0.7127659574468085,0.5
207,0.7446808510638298,0.601063829787234
208,0.7872340425531915,0.6382978723404256
209,0.7978723404255319,0.6117021276595744
210,0.6276595744680851,0.5
211,0.7021276595744681,0.5691489361702128
212,0.6808510638297872,0.4946808510638298
213,0.7978723404255319,0.6170212765957447
214,0.7978723404255319,0.6382978723404256
215,0.8191489361702128,0.6382978723404256
216,0.5319148936170213,0.5
217,0.8297872340425532,0.648936170212766
218,0.6702127659574468,0.5
219,0.7978723404255319,0.6117021276595744
220,0.8297872340425532,0.6117021276595744
221,0.9787234042553191,0.6329787234042553
222,0.723404255319149,0.5372340425531915
223,0.851063829787234,0.6436170212765957
224,0.6702127659574468,0.5212765957446809
225,0.851063829787234,0.6382978723404256
226,0.9148936170212766,0.6063829787234043
227,0.925531914893617,0.6329787234042553
228,0.648936170212766,0.5372340425531915
229,0.851063829787234,0.6542553191489362
230,0.7446808510638298,0.5797872340425532
231,0.8723404255319149,0.6436170212765957
232,0.9148936170212766,0.6276595744680851
233,0.9574468085106383,0.6329787234042553
234,0.5531914893617021,0.5
235,0.8404255319148937,0.6170212765957447
236,0.6702127659574468,0.5053191489361702
237,0.7978723404255319,0.5904255319148937
238,0.8404255319148937,0.5851063829787234
239,0.8829787234042553,0.6063829787234043
240,0.6063829787234043,0.5
241,0.851063829787234,0.6063829787234043
242,0.7340425531914894,0.5478723404255319
243,0.8191489361702128,0.601063829787234
244,0.8617021276595744,0.5904255319148937
245,0.851063829787234,0.6063829787234043
246,0.6063829787234043,0.5
247,0.8617021276595744,0.5957446808510638
248,0.7659574468085106,0.526595744680851
249,0.8617021276595744,0.5957446808510638
250,0.8936170212765957,0.6170212765957447
251,0.8936170212765957,0.6276595744680851
252,0.6914893617021277,0.5
253,0.8297872340425532,0.5851063829787234
254,0.6914893617021277,0.5053191489361702
255,0.7659574468085106,0.6117021276595744
256,0.7021276595744681,0.5691489361702128
257,0.7659574468085106,0.5797872340425532
258,0.7127659574468085,0.5319148936170213
259,0.851063829787234,0.6170212765957447
260,0.7446808510638298,0.5106382978723404
261,0.8085106382978723,0.6063829787234043
262,0.7872340425531915,0.6223404255319149
263,0.8297872340425532,0.6223404255319149
264,0.776595744680851,0.5425531914893617
265,0.8404255319148937,0.6276595744680851
266,0.6808510638297872,0.5212765957446809
267,0.7872340425531915,0.6170212765957447
268,0.8191489361702128,0.6063829787234043
269,0.8829787234042553,0.6223404255319149
270,0.6595744680851063,0.5
271,0.7872340425531915,0.5212765957446809
272,0.6170212765957447,0.5
273,0.7553191489361702,0.5691489361702128
274,0.7340425531914894,0.5319148936170213
275,0.7872340425531915,0.5212765957446809
276,0.6702127659574468,0.5
277,0.776595744680851,0.5212765957446809
278,0.7021276595744681,0.5
279,0.7872340425531915,0.5797872340425532
280,0.776595744680851,0.5797872340425532
281,0.7872340425531915,0.5531914893617021
282,0.7340425531914894,0.5
283,0.8085106382978723,0.5425531914893617
284,0.6914893617021277,0.5
285,0.776595744680851,0.5691489361702128
286,0.7659574468085106,0.5957446808510638
287,0.776595744680851,0.5851063829787234
288,0.6666666666666666,0.5
289,0.7619047619047619,0.6011904761904762
290,0.6547619047619048,0.5119047619047619
291,0.7619047619047619,0.6011904761904762
292,0.7738095238095238,0.5714285714285714
293,0.7619047619047619,0.5773809523809523
294,0.5952380952380952,0.5476190476190477
295,0.9047619047619048,0.625
296,0.7142857142857143,0.5
297,0.8095238095238095,0.6071428571428571
298,0.9285714285714286,0.6369047619047619
299,0.8690476190476191,0.6309523809523809
300,0.7023809523809523,0.5654761904761905
301,0.8928571428571429,0.6309523809523809
302,0.7261904761904762,0.5297619047619048
303,0.8690476190476191,0.6369047619047619
304,0.9404761904761905,0.6666666666666666
305,0.9404761904761905,0.6726190476190477
306,0.6547619047619048,0.5
307,0.7261904761904762,0.5654761904761905
308,0.6309523809523809,0.5059523809523809
309,0.7142857142857143,0.5773809523809523
310,0.7380952380952381,0.5595238095238095
311,0.7857142857142857,0.5714285714285714
312,0.6428571428571429,0.5059523809523809
313,0.7142857142857143,0.5714285714285714
314,0.7261904761904762,0.5059523809523809
315,0.7380952380952381,0.6130952380952381
316,0.7857142857142857,0.6071428571428571
317,0.7857142857142857,0.625
318,0.6547619047619048,0.5059523809523809
319,0.7619047619047619,0.5892857142857143
320,0.6904761904761905,0.5119047619047619
321,0.7738095238095238,0.6071428571428571
322,0.7619047619047619,0.6369047619047619
323,0.8452380952380952,0.6369047619047619
324,0.6190476190476191,0.5059523809523809
325,0.7976190476190477,0.6488095238095238
326,0.6428571428571429,0.5059523809523809
327,0.7857142857142857,0.6130952380952381
328,0.7738095238095238,0.6547619047619048
329,0.9166666666666666,0.6726190476190477
330,0.6785714285714286,0.5357142857142857
331,0.7857142857142857,0.6607142857142857
332,0.6785714285714286,0.5178571428571429
333,0.7976190476190477,0.6190476190476191
334,0.9166666666666666,0.6607142857142857
335,0.9523809523809523,0.6666666666666666
336,0.7261904761904762,0.5476190476190477
337,0.8333333333333334,0.6726190476190477
338,0.7261904761904762,0.5357142857142857
339,0.8571428571428571,0.6428571428571429
340,0.8928571428571429,0.6547619047619048
341,0.9523809523809523,0.6726190476190477
342,0.6547619047619048,0.5059523809523809
343,0.75,0.6309523809523809
344,0.6666666666666666,0.5059523809523809
345,0.7976190476190477,0.625
346,0.7976190476190477,0.5773809523809523
347,0.8809523809523809,0.5773809523809523
348,0.6428571428571429,0.5
349,0.7738095238095238,0.6190476190476191
350,0.75,0.5
351,0.8095238095238095,0.6190476190476191
352,0.8333333333333334,0.625
353,0.8928571428571429,0.6130952380952381
354,0.6785714285714286,0.5
355,0.8095238095238095,0.6309523809523809
356,0.75,0.5238095238095238
357,0.8452380952380952,0.6130952380952381
358,0.8690476190476191,0.6309523809523809
359,0.9285714285714286,0.6369047619047619
360,0.7021276595744681,0.5
361,0.8404255319148937,0.5957446808510638
362,0.6382978723404256,0.5159574468085106
363,0.7978723404255319,0.6223404255319149
364,0.723404255319149,0.5904255319148937
365,0.8617021276595744,0.6117021276595744
366,0.6914893617021277,0.5425531914893617
367,0.9042553191489362,0.6276595744680851
368,0.7340425531914894,0.5159574468085106
369,0.8829787234042553,0.6117021276595744
370,0.8829787234042553,0.6170212765957447
371,0.8723404255319149,0.6223404255319149
372,0.7021276595744681,0.5638297872340425
373,0.9148936170212766,0.6436170212765957
374,0.7659574468085106,0.5531914893617021
375,0.8936170212765957,0.6276595744680851
376,0.9148936170212766,0.6223404255319149
377,0.9148936170212766,0.6329787234042553
378,0.6170212765957447,0.5
379,0.7553191489361702,0.5585106382978723
380,0.5957446808510638,0.5053191489361702
381,0.7659574468085106,0.5957446808510638
382,0.6702127659574468,0.574468085106383
383,0.7446808510638298,0.5691489361702128
384,0.6702127659574468,0.5
385,0.776595744680851,0.574468085106383
386,0.7553191489361702,0.5
387,0.7872340425531915,0.5957446808510638
388,0.7978723404255319,0.601063829787234
389,0.8191489361702128,0.6063829787234043
390,0.7340425531914894,0.5053191489361702
391,0.8297872340425532,0.5797872340425532
392,0.7340425531914894,0.5212765957446809
393,0.8297872340425532,0.6063829787234043
394,0.8085106382978723,0.6117021276595744
395,0.8297872340425532,0.6223404255319149
396,0.6547619047619048,0.5
397,0.7380952380952381,0.6130952380952381
398,0.5476190476190477,0.5059523809523809
399,0.7619047619047619,0.6428571428571429
400,0.7619047619047619,0.6011904761904762
401,0.7142857142857143,0.6309523809523809
402,0.6785714285714286,0.5416666666666666
403,0.8333333333333334,0.6488095238095238
404,0.6785714285714286,0.5059523809523809
405,0.7857142857142857,0.6309523809523809
406,0.7738095238095238,0.6547619047619048
407,0.8095238095238095,0.6666666666666666
408,0.7023809523809523,0.5535714285714286
409,0.8333333333333334,0.6666666666666666
410,0.7023809523809523,0.5178571428571429
411,0.8214285714285714,0.6488095238095238
412,0.8095238095238095,0.6785714285714286
413,0.8452380952380952,0.6785714285714286
414,0.6666666666666666,0.5
415,0.7380952380952381,0.5238095238095238
416,0.5476190476190477,0.5
417,0.6785714285714286,0.5714285714285714
418,0.7261904761904762,0.5416666666666666
419,0.7261904761904762,0.5357142857142857
420,0.75,0.5
421,0.7619047619047619,0.5476190476190477
422,0.7142857142857143,0.5
423,0.7380952380952381,0.5892857142857143
424,0.75,0.5773809523809523
425,0.7976190476190477,0.5833333333333334
426,0.7142857142857143,0.5
427,0.75,0.5654761904761905
428,0.7023809523809523,0.5
429,0.7619047619047619,0.5952380952380952
430,0.7857142857142857,0.6547619047619048
431,0.7738095238095238,0.6011904761904762
432,0.6428571428571429,0.5
433,0.8095238095238095,0.5952380952380952
434,0.5952380952380952,0.5059523809523809
435,0.8095238095238095,0.6190476190476191
436,0.7857142857142857,0.6011904761904762
437,0.8333333333333334,0.6071428571428571
438,0.6190476190476191,0.5476190476190477
439,0.8690476190476191,0.6309523809523809
440,0.7023809523809523,0.5119047619047619
441,0.7738095238095238,0.6309523809523809
442,0.8690476190476191,0.6190476190476191
443,0.8690476190476191,0.625
444,0.6547619047619048,0.5595238095238095
445,0.9047619047619048,0.6309523809523809
446,0.7023809523809523,0.5654761904761905
447,0.8214285714285714,0.6369047619047619
448,0.9285714285714286,0.6666666666666666
449,0.9166666666666666,0.6607142857142857
450,0.6428571428571429,0.5
451,0.7261904761904762,0.5654761904761905
452,0.5833333333333334,0.5119047619047619
453,0.7619047619047619,0.5654761904761905
454,0.75,0.5416666666666666
455,0.7380952380952381,0.5535714285714286
456,0.6428571428571429,0.5
457,0.75,0.5654761904761905
458,0.7023809523809523,0.5
459,0.7380952380952381,0.5535714285714286
460,0.7380952380952381,0.5714285714285714
461,0.7976190476190477,0.5714285714285714
462,0.6309523809523809,0.5
463,0.7857142857142857,0.5535714285714286
464,0.7023809523809523,0.5
465,0.8333333333333334,0.5952380952380952
466,0.8095238095238095,0.6190476190476191
467,0.8571428571428571,0.6071428571428571
468,0.6190476190476191,0.5
469,0.75,0.5952380952380952
470,0.6190476190476191,0.5
471,0.7976190476190477,0.625
472,0.8452380952380952,0.6369047619047619
473,0.9166666666666666,0.6607142857142857
474,0.5119047619047619,0.5357142857142857
475,0.8690476190476191,0.6190476190476191
476,0.7023809523809523,0.5059523809523809
477,0.8571428571428571,0.6428571428571429
478,0.8809523809523809,0.6666666666666666
479,0.9047619047619048,0.6726190476190477
480,0.6190476190476191,0.5476190476190477
481,0.8571428571428571,0.6130952380952381
482,0.75,0.5297619047619048
483,0.8452380952380952,0.6369047619047619
484,0.9404761904761905,0.6785714285714286
485,0.9404761904761905,0.6904761904761905
486,0.5952380952380952,0.5
487,0.75,0.5476190476190477
488,0.75,0.5
489,0.8095238095238095,0.5595238095238095
490,0.75,0.5654761904761905
491,0.8333333333333334,0.5833333333333334
492,0.6428571428571429,0.5
493,0.8095238095238095,0.5476190476190477
494,0.7142857142857143,0.5059523809523809
495,0.8571428571428571,0.5833333333333334
496,0.8333333333333334,0.625
497,0.9166666666666666,0.625
498,0.6666666666666666,0.5
499,0.7738095238095238,0.5357142857142857
500,0.7142857142857143,0.5238095238095238
501,0.8928571428571429,0.5773809523809523
502,0.8809523809523809,0.6309523809523809
503,0.9404761904761905,0.6130952380952381
504,0.6190476190476191,0.5
505,0.7380952380952381,0.6011904761904762
506,0.5714285714285714,0.5059523809523809
507,0.6666666666666666,0.5892857142857143
508,0.6904761904761905,0.5892857142857143
509,0.7142857142857143,0.5714285714285714
510,0.6190476190476191,0.5476190476190477
511,0.7976190476190477,0.6369047619047619
512,0.6547619047619048,0.49404761904761907
513,0.7619047619047619,0.6011904761904762
514,0.7738095238095238,0.6369047619047619
515,0.7738095238095238,0.6428571428571429
516,0.6190476190476191,0.5535714285714286
517,0.7976190476190477,0.6369047619047619
518,0.6666666666666666,0.5119047619047619
519,0.8333333333333334,0.6309523809523809
520,0.8571428571428571,0.6488095238095238
521,0.8333333333333334,0.6607142857142857
522,0.6309523809523809,0.5
523,0.7380952380952381,0.5416666666666666
524,0.5238095238095238,0.5
525,0.7023809523809523,0.5535714285714286
526,0.7023809523809523,0.5476190476190477
527,0.7142857142857143,0.5654761904761905
528,0.5833333333333334,0.5
529,0.7142857142857143,0.5535714285714286
530,0.6904761904761905,0.5
531,0.7380952380952381,0.6071428571428571
532,0.7261904761904762,0.5773809523809523
533,0.7976190476190477,0.6190476190476191
534,0.6428571428571429,0.5
535,0.7023809523809523,0.5714285714285714
536,0.6666666666666666,0.5
537,0.7738095238095238,0.6071428571428571
538,0.7976190476190477,0.6607142857142857
539,0.7619047619047619,0.6190476190476191
540,0.7023809523809523,0.5
541,0.8690476190476191,0.5892857142857143
542,0.6071428571428571,0.5119047619047619
543,0.8333333333333334,0.6428571428571429
544,0.8214285714285714,0.6190476190476191
545,0.8452380952380952,0.5952380952380952
546,0.6666666666666666,0.5357142857142857
547,0.8928571428571429,0.5952380952380952
548,0.7619047619047619,0.5119047619047619
549,0.8928571428571429,0.6428571428571429
550,0.8690476190476191,0.6190476190476191
551,0.8928571428571429,0.6547619047619048
552,0.7261904761904762,0.5535714285714286
553,0.8571428571428571,0.6130952380952381
554,0.7857142857142857,0.5833333333333334
555,0.8928571428571429,0.6428571428571429
556,0.8690476190476191,0.6369047619047619
557,0.8571428571428571,0.6428571428571429
558,0.6785714285714286,0.5059523809523809
559,0.7857142857142857,0.5654761904761905
560,0.6190476190476191,0.5059523809523809
561,0.7976190476190477,0.6130952380952381
562,0.7619047619047619,0.5297619047619048
563,0.8214285714285714,0.5416666666666666
564,0.7023809523809523,0.5059523809523809
565,0.8333333333333334,0.5892857142857143
566,0.7023809523809523,0.5119047619047619
567,0.8571428571428571,0.6190476190476191
568,0.8095238095238095,0.6130952380952381
569,0.8571428571428571,0.5892857142857143
570,0.7380952380952381,0.5059523809523809
571,0.8214285714285714,0.5654761904761905
572,0.75,0.5119047619047619
573,0.8690476190476191,0.6130952380952381
574,0.8095238095238095,0.6666666666666666
575,0.8333333333333334,0.6309523809523809
576,0.6428571428571429,0.5
577,0.8095238095238095,0.6190476190476191
578,0.5952380952380952,0.5
579,0.7619047619047619,0.625
580,0.7261904761904762,0.6130952380952381
581,0.7738095238095238,0.5952380952380952
582,0.6428571428571429,0.5476190476190477
583,0.8333333333333334,0.6666666666666666
584,0.6547619047619048,0.5297619047619048
585,0.8095238095238095,0.6428571428571429
586,0.8333333333333334,0.6607142857142857
587,0.8571428571428571,0.6726190476190477
588,0.6428571428571429,0.5476190476190477
589,0.8095238095238095,0.6488095238095238
590,0.6666666666666666,0.5654761904761905
591,0.7738095238095238,0.6607142857142857
592,0.8928571428571429,0.6726190476190477
593,0.8690476190476191,0.6726190476190477
594,0.5833333333333334,0.5
595,0.7142857142857143,0.5595238095238095
596,0.6071428571428571,0.5
597,0.75,0.5892857142857143
598,0.6785714285714286,0.5476190476190477
599,0.75,0.5833333333333334
600,0.6190476190476191,0.5
601,0.7619047619047619,0.5892857142857143
602,0.6785714285714286,0.5238095238095238
603,0.7857142857142857,0.6071428571428571
604,0.8214285714285714,0.625
605,0.8333333333333334,0.625
606,0.6071428571428571,0.5
607,0.7261904761904762,0.5952380952380952
608,0.6904761904761905,0.5238095238095238
609,0.8095238095238095,0.625
610,0.7976190476190477,0.6607142857142857
611,0.8095238095238095,0.6369047619047619
612,0.6904761904761905,0.5238095238095238
613,0.8214285714285714,0.6071428571428571
614,0.6309523809523809,0.5
615,0.7738095238095238,0.6369047619047619
616,0.8452380952380952,0.6488095238095238
617,0.8452380952380952,0.6845238095238095
618,0.6547619047619048,0.5773809523809523
619,0.7976190476190477,0.6130952380952381
620,0.7380952380952381,0.5059523809523809
621,0.8095238095238095,0.625
622,0.8690476190476191,0.6904761904761905
623,0.8571428571428571,0.6904761904761905
624,0.6547619047619048,0.5892857142857143
625,0.7857142857142857,0.6309523809523809
626,0.7380952380952381,0.5297619047619048
627,0.7738095238095238,0.625
628,0.8690476190476191,0.6726190476190477
629,0.8928571428571429,0.6785714285714286
630,0.7023809523809523,0.5
631,0.7738095238095238,0.5892857142857143
632,0.6428571428571429,0.5
633,0.8452380952380952,0.5952380952380952
634,0.8095238095238095,0.5892857142857143
635,0.8690476190476191,0.6071428571428571
636,0.6904761904761905,0.5
637,0.8095238095238095,0.6190476190476191
638,0.7857142857142857,0.49404761904761907
639,0.8690476190476191,0.6190476190476191
640,0.7976190476190477,0.6488095238095238
641,0.8809523809523809,0.6071428571428571
642,0.6666666666666666,0.5
643,0.7857142857142857,0.5952380952380952
644,0.7380952380952381,0.4880952380952381
645,0.8571428571428571,0.6488095238095238
646,0.8452380952380952,0.6547619047619048
647,0.8571428571428571,0.6666666666666666
648,0.6666666666666666,0.5
649,0.8452380952380952,0.5952380952380952
650,0.5238095238095238,0.49404761904761907
651,0.7857142857142857,0.625
652,0.8214285714285714,0.6309523809523809
653,0.8809523809523809,0.625
654,0.7023809523809523,0.5476190476190477
655,0.8452380952380952,0.6309523809523809
656,0.7023809523809523,0.5119047619047619
657,0.8571428571428571,0.625
658,0.9166666666666666,0.6428571428571429
659,0.8928571428571429,0.6428571428571429
660,0.7023809523809523,0.5714285714285714
661,0.8690476190476191,0.6369047619047619
662,0.7142857142857143,0.5714285714285714
663,0.8452380952380952,0.6488095238095238
664,0.9047619047619048,0.6547619047619048
665,0.8809523809523809,0.6607142857142857
666,0.6904761904761905,0.5
667,0.8333333333333334,0.5773809523809523
668,0.5952380952380952,0.5
669,0.8452380952380952,0.6011904761904762
670,0.7976190476190477,0.5178571428571429
671,0.8333333333333334,0.5654761904761905
672,0.6428571428571429,0.5
673,0.8214285714285714,0.5773809523809523
674,0.6904761904761905,0.5059523809523809
675,0.8571428571428571,0.6011904761904762
676,0.8571428571428571,0.6488095238095238
677,0.8571428571428571,0.6428571428571429
678,0.6904761904761905,0.5
679,0.8571428571428571,0.5892857142857143
680,0.7857142857142857,0.5119047619047619
681,0.8690476190476191,0.6011904761904762
682,0.8452380952380952,0.6547619047619048
683,0.8452380952380952,0.6607142857142857
684,0.6428571428571429,0.5
685,0.7142857142857143,0.6011904761904762
686,0.6190476190476191,0.5
687,0.7619047619047619,0.6309523809523809
688,0.8809523809523809,0.6607142857142857
689,0.8333333333333334,0.6904761904761905
690,0.7261904761904762,0.5357142857142857
691,0.7976190476190477,0.625
692,0.6785714285714286,0.5119047619047619
693,0.8333333333333334,0.6488095238095238
694,0.8809523809523809,0.6785714285714286
695,0.8928571428571429,0.6785714285714286
696,0.75,0.5416666666666666
697,0.7380952380952381,0.625
698,0.6904761904761905,0.5416666666666666
699,0.8333333333333334,0.6666666666666666
700,0.9404761904761905,0.6964285714285714
701,0.9285714285714286,0.6904761904761905
702,0.6190476190476191,0.5
703,0.7738095238095238,0.5833333333333334
704,0.6071428571428571,0.5059523809523809
705,0.7619047619047619,0.6011904761904762
706,0.7619047619047619,0.5535714285714286
707,0.8214285714285714,0.5535714285714286
708,0.6428571428571429,0.5059523809523809
709,0.7261904761904762,0.5952380952380952
710,0.7142857142857143,0.5
711,0.7976190476190477,0.6130952380952381
712,0.7857142857142857,0.5892857142857143
713,0.7976190476190477,0.5773809523809523
714,0.7142857142857143,0.5059523809523809
715,0.7261904761904762,0.5773809523809523
716,0.7023809523809523,0.5119047619047619
717,0.8095238095238095,0.6130952380952381
718,0.8333333333333334,0.6547619047619048
719,0.8333333333333334,0.6190476190476191
720,0.5714285714285714,0.5059523809523809
721,0.8333333333333334,0.6547619047619048
722,0.6547619047619048,0.5059523809523809
723,0.8333333333333334,0.6547619047619048
724,0.8452380952380952,0.6488095238095238
725,0.9285714285714286,0.6488095238095238
726,0.7023809523809523,0.5416666666666666
727,0.8809523809523809,0.6607142857142857
728,0.7857142857142857,0.5357142857142857
729,0.9166666666666666,0.6845238095238095
730,0.9285714285714286,0.6726190476190477
731,0.9642857142857143,0.6845238095238095
732,0.7261904761904762,0.5535714285714286
733,0.8928571428571429,0.6845238095238095
734,0.8690476190476191,0.5595238095238095
735,0.9404761904761905,0.6666666666666666
736,0.9761904761904762,0.6785714285714286
737,0.9523809523809523,0.6904761904761905
738,0.6428571428571429,0.5
739,0.8452380952380952,0.5773809523809523
740,0.7023809523809523,0.5178571428571429
741,0.8690476190476191,0.5952380952380952
742,0.8452380952380952,0.6309523809523809
743,0.9404761904761905,0.6547619047619048
744,0.6904761904761905,0.5059523809523809
745,0.8333333333333334,0.6190476190476191
746,0.8214285714285714,0.5178571428571429
747,0.9642857142857143,0.625
748,0.9166666666666666,0.6666666666666666
749,0.9642857142857143,0.6904761904761905
750,0.7380952380952381,0.5
751,0.8571428571428571,0.6309523809523809
752,0.8095238095238095,0.5178571428571429
753,0.9285714285714286,0.625
754,0.9642857142857143,0.6726190476190477
755,0.9523809523809523,0.6488095238095238
756,0.6071428571428571,0.5059523809523809
757,0.9285714285714286,0.6309523809523809
758,0.5833333333333334,0.5178571428571429
759,0.8690476190476191,0.6845238095238095
760,0.9047619047619048,0.6488095238095238
761,0.9285714285714286,0.6547619047619048
762,0.6071428571428571,0.5416666666666666
763,0.9047619047619048,0.6488095238095238
764,0.6785714285714286,0.5119047619047619
765,0.9523809523809523,0.6369047619047619
766,0.9523809523809523,0.6547619047619048
767,0.9523809523809523,0.6547619047619048
768,0.6309523809523809,0.5595238095238095
769,0.9166666666666666,0.6488095238095238
770,0.7857142857142857,0.5416666666666666
771,0.9761904761904762,0.6309523809523809
772,0.9761904761904762,0.6547619047619048
773,0.9761904761904762,0.6666666666666666
774,0.6071428571428571,0.5059523809523809
775,0.8214285714285714,0.5714285714285714
776,0.6190476190476191,0.5
777,0.8571428571428571,0.6309523809523809
778,0.8452380952380952,0.6130952380952381
779,0.9523809523809523,0.6190476190476191
780,0.6904761904761905,0.5
781,0.8214285714285714,0.5892857142857143
782,0.7023809523809523,0.5119047619047619
783,0.9047619047619048,0.6309523809523809
784,0.8809523809523809,0.6845238095238095
785,0.9166666666666666,0.6369047619047619
786,0.6666666666666666,0.5
787,0.8333333333333334,0.6011904761904762
788,0.7857142857142857,0.5178571428571429
789,0.8928571428571429,0.6190476190476191
790,0.9523809523809523,0.6428571428571429
791,0.9047619047619048,0.6488095238095238
792,0.5595238095238095,0.5059523809523809
793,0.7976190476190477,0.6071428571428571
794,0.5238095238095238,0.5059523809523809
795,0.7738095238095238,0.6309523809523809
796,0.8333333333333334,0.6547619047619048
797,0.8571428571428571,0.6428571428571429
798,0.5119047619047619,0.5357142857142857
799,0.8214285714285714,0.6309523809523809
800,0.6190476190476191,0.5119047619047619
801,0.7619047619047619,0.6428571428571429
802,0.9404761904761905,0.6785714285714286
803,0.9285714285714286,0.6607142857142857
804,0.6071428571428571,0.5535714285714286
805,0.8571428571428571,0.6369047619047619
806,0.7261904761904762,0.5238095238095238
807,0.8333333333333334,0.6428571428571429
808,0.9523809523809523,0.6785714285714286
809,0.9285714285714286,0.6785714285714286
810,0.5238095238095238,0.5059523809523809
811,0.6666666666666666,0.5595238095238095
812,0.6071428571428571,0.5
813,0.7142857142857143,0.6071428571428571
814,0.8095238095238095,0.5952380952380952
815,0.8690476190476191,0.5654761904761905
816,0.6071428571428571,0.5
817,0.6666666666666666,0.5535714285714286
818,0.6904761904761905,0.5
819,0.8452380952380952,0.6130952380952381
820,0.8333333333333334,0.6488095238095238
821,0.8571428571428571,0.6071428571428571
822,0.5833333333333334,0.5059523809523809
823,0.7738095238095238,0.5595238095238095
824,0.6666666666666666,0.5
825,0.7976190476190477,0.6071428571428571
826,0.8214285714285714,0.6607142857142857
827,0.8452380952380952,0.6488095238095238
828,0.6428571428571429,0.5059523809523809
829,0.6785714285714286,0.6071428571428571
830,0.6666666666666666,0.5238095238095238
831,0.8095238095238095,0.6547619047619048
832,0.75,0.625
833,0.75,0.5952380952380952
834,0.6666666666666666,0.5535714285714286
835,0.6904761904761905,0.6190476190476191
836,0.7142857142857143,0.5119047619047619
837,0.7619047619047619,0.6547619047619048
838,0.8690476190476191,0.6964285714285714
839,0.8333333333333334,0.6904761904761905
840,0.6785714285714286,0.5595238095238095
841,0.8095238095238095,0.6607142857142857
842,0.7261904761904762,0.5892857142857143
843,0.7857142857142857,0.6488095238095238
844,0.8928571428571429,0.7023809523809523
845,0.9047619047619048,0.6964285714285714
846,0.6904761904761905,0.5119047619047619
847,0.7261904761904762,0.6130952380952381
848,0.7380952380952381,0.5059523809523809
849,0.7857142857142857,0.6428571428571429
850,0.7976190476190477,0.5773809523809523
851,0.7738095238095238,0.625
852,0.6190476190476191,0.5059523809523809
853,0.7857142857142857,0.5892857142857143
854,0.7142857142857143,0.5
855,0.7976190476190477,0.625
856,0.8571428571428571,0.6666666666666666
857,0.8095238095238095,0.6309523809523809
858,0.6428571428571429,0.5119047619047619
859,0.7619047619047619,0.5773809523809523
860,0.6785714285714286,0.5119047619047619
861,0.8095238095238095,0.6369047619047619
862,0.8571428571428571,0.6845238095238095
863,0.8571428571428571,0.6666666666666666
864,0.7380952380952381,0.5119047619047619
865,0.8809523809523809,0.6428571428571429
866,0.6785714285714286,0.5238095238095238
867,0.7619047619047619,0.6309523809523809
868,0.7976190476190477,0.6011904761904762
869,0.8452380952380952,0.6071428571428571
870,0.7023809523809523,0.5654761904761905
871,0.8928571428571429,0.6428571428571429
872,0.6904761904761905,0.5238095238095238
873,0.9285714285714286,0.6488095238095238
874,0.9166666666666666,0.6607142857142857
875,0.9166666666666666,0.6607142857142857
876,0.6547619047619048,0.5833333333333334
877,0.8928571428571429,0.6369047619047619
878,0.7261904761904762,0.5357142857142857
879,0.8571428571428571,0.6369047619047619
880,0.9523809523809523,0.6607142857142857
881,0.9642857142857143,0.6607142857142857
882,0.6904761904761905,0.5
883,0.8214285714285714,0.5833333333333334
884,0.6071428571428571,0.5
885,0.8571428571428571,0.6190476190476191
886,0.75,0.5357142857142857
887,0.7857142857142857,0.5773809523809523
888,0.6904761904761905,0.5059523809523809
889,0.7976190476190477,0.5773809523809523
890,0.7261904761904762,0.5178571428571429
891,0.8690476190476191,0.6369047619047619
892,0.8452380952380952,0.6428571428571429
893,0.8690476190476191,0.625
894,0.6904761904761905,0.5119047619047619
895,0.8214285714285714,0.5892857142857143
896,0.7380952380952381,0.5178571428571429
897,0.8690476190476191,0.6190476190476191
898,0.9047619047619048,0.6607142857142857
899,0.9047619047619048,0.6488095238095238
900,1.0,0.5555555555555556
901,1.0,0.8888888888888888
902,0.5555555555555556,0.5555555555555556
903,1.0,0.9444444444444444
904,1.0,1.0
905,1.0,0.8333333333333334
906,0.8888888888888888,0.6111111111111112
907,1.0,0.8888888888888888
908,1.0,0.5
909,1.0,0.9444444444444444
910,1.0,1.0
911,1.0,1.0
912,0.7777777777777778,0.6666666666666666
913,1.0,0.8888888888888888
914,0.8888888888888888,0.8333333333333334
915,1.0,0.9444444444444444
916,1.0,1.0
917,1.0,1.0
918,0.8888888888888888,0.5
919,0.8888888888888888,0.8333333333333334
920,0.5555555555555556,0.5555555555555556
921,1.0,0.8888888888888888
922,1.0,0.6111111111111112
923,1.0,0.5
924,0.8888888888888888,0.5
925,0.8888888888888888,0.8888888888888888
926,1.0,0.6666666666666666
927,1.0,0.8888888888888888
928,1.0,0.9444444444444444
929,1.0,0.8333333333333334
930,0.8888888888888888,0.5
931,0.8888888888888888,0.8888888888888888
932,0.8888888888888888,0.6666666666666666
933,1.0,0.9444444444444444
934,1.0,1.0
935,1.0,0.9444444444444444
936,0.5555555555555556,0.5555555555555556
937,1.0,0.9444444444444444
938,0.7777777777777778,0.4444444444444444
939,0.8888888888888888,0.8888888888888888
940,1.0,1.0
941,1.0,0.9444444444444444
942,1.0,0.6666666666666666
943,1.0,0.8888888888888888
944,0.7777777777777778,0.5555555555555556
945,1.0,0.9444444444444444
946,1.0,1.0
947,1.0,1.0
948,0.8888888888888888,0.7222222222222222
949,1.0,0.9444444444444444
950,0.8888888888888888,0.7222222222222222
951,1.0,0.9444444444444444
952,1.0,1.0
953,1.0,1.0
954,0.5555555555555556,0.5
955,0.7777777777777778,0.8333333333333334
956,0.7777777777777778,0.4444444444444444
957,0.8888888888888888,0.8333333333333334
958,0.7777777777777778,0.6111111111111112
959,0.8888888888888888,0.8888888888888888
960,0.5555555555555556,0.5555555555555556
961,0.7777777777777778,0.8333333333333334
962,0.7777777777777778,0.5555555555555556
963,0.8888888888888888,0.8888888888888888
964,1.0,0.9444444444444444
965,0.8888888888888888,0.8333333333333334
966,0.5555555555555556,0.5555555555555556
967,1.0,0.8888888888888888
968,0.8888888888888888,0.5555555555555556
969,1.0,0.8888888888888888
970,1.0,1.0
971,1.0,0.9444444444444444
972,0.7777777777777778,0.5555555555555556
973,0.7777777777777778,0.8333333333333334
974,0.6666666666666666,0.6111111111111112
975,1.0,1.0
976,1.0,1.0
977,1.0,0.8333333333333334
978,0.5555555555555556,0.6666666666666666
979,0.8888888888888888,0.8333333333333334
980,0.8888888888888888,0.5555555555555556
981,1.0,1.0
982,1.0,1.0
983,1.0,1.0
984,0.4444444444444444,0.6666666666666666
985,0.8888888888888888,0.8333333333333334
986,0.8888888888888888,0.6666666666666666
987,1.0,1.0
988,1.0,1.0
989,1.0,1.0
990,0.7777777777777778,0.5
991,0.7777777777777778,0.8333333333333334
992,0.5555555555555556,0.6111111111111112
993,1.0,0.9444444444444444
994,1.0,0.7222222222222222
995,1.0,0.8333333333333334
996,0.7777777777777778,0.5
997,0.7777777777777778,0.8888888888888888
998,0.8888888888888888,0.5555555555555556
999,1.0,0.8333333333333334
1000,1.0,1.0
1001,1.0,0.9444444444444444
1002,0.7777777777777778,0.5
1003,0.8888888888888888,0.8888888888888888
1004,0.8888888888888888,0.6111111111111112
1005,1.0,0.9444444444444444
1006,1.0,1.0
1007,1.0,1.0
1008,0.7777777777777778,0.5
1009,0.8888888888888888,0.8333333333333334
1010,0.6666666666666666,0.5555555555555556
1011,1.0,0.9444444444444444
1012,1.0,0.9444444444444444
1013,1.0,0.9444444444444444
1014,0.5555555555555556,0.6666666666666666
1015,0.8888888888888888,0.8333333333333334
1016,0.7777777777777778,0.5555555555555556
1017,1.0,0.9444444444444444
1018,1.0,0.9444444444444444
1019,1.0,0.9444444444444444
1020,0.7777777777777778,0.6666666666666666
1021,0.8888888888888888,0.8333333333333334
1022,0.7777777777777778,0.6111111111111112
1023,0.8888888888888888,0.9444444444444444
1024,1.0,0.9444444444444444
1025,1.0,0.9444444444444444
1026,0.7777777777777778,0.5
1027,0.6666666666666666,0.8333333333333334
1028,0.3333333333333333,0.5555555555555556
1029,1.0,0.8888888888888888
1030,0.8888888888888888,0.7777777777777778
1031,0.8888888888888888,0.5
1032,0.7777777777777778,0.5
1033,0.8888888888888888,0.8333333333333334
1034,0.8888888888888888,0.5
1035,1.0,0.8888888888888888
1036,1.0,0.8333333333333334
1037,1.0,0.8333333333333334
1038,0.6666666666666666,0.5
1039,0.8888888888888888,0.8333333333333334
1040,0.7777777777777778,0.6111111111111112
1041,1.0,0.8888888888888888
1042,1.0,0.9444444444444444
1043,1.0,0.9444444444444444
1044,1.0,0.6111111111111112
1045,1.0,0.7777777777777778
1046,1.0,0.6666666666666666
1047,1.0,0.7222222222222222
1048,1.0,0.7222222222222222
1049,1.0,0.7777777777777778
1050,1.0,0.6666666666666666
1051,1.0,0.7777777777777778
1052,1.0,0.6666666666666666
1053,1.0,0.7777777777777778
1054,1.0,0.7777777777777778
1055,1.0,0.8333333333333334
1056,1.0,0.7222222222222222
1057,1.0,0.7777777777777778
1058,1.0,0.7222222222222222
1059,1.0,0.7777777777777778
1060,1.0,0.7777777777777778
1061,1.0,0.8333333333333334
1062,0.8888888888888888,0.5555555555555556
1063,1.0,0.7777777777777778
1064,0.8888888888888888,0.5555555555555556
1065,1.0,0.7777777777777778
1066,0.8888888888888888,0.5555555555555556
1067,0.8888888888888888,0.7222222222222222
1068,0.8888888888888888,0.5555555555555556
1069,1.0,0.7777777777777778
1070,0.7777777777777778,0.5
1071,1.0,0.7777777777777778
1072,0.8888888888888888,0.7777777777777778
1073,1.0,0.7222222222222222
1074,1.0,0.7222222222222222
1075,1.0,0.7777777777777778
1076,1.0,0.7222222222222222
1077,1.0,0.7777777777777778
1078,1.0,0.7777777777777778
1079,1.0,0.7777777777777778
1080,0.6666666666666666,0.5555555555555556
1081,1.0,0.9444444444444444
1082,0.6666666666666666,0.5555555555555556
1083,1.0,1.0
1084,0.8888888888888888,0.8888888888888888
1085,1.0,1.0
1086,0.7777777777777778,0.5555555555555556
1087,1.0,0.9444444444444444
1088,0.8888888888888888,0.5555555555555556
1089,1.0,0.9444444444444444
1090,1.0,1.0
1091,1.0,1.0
1092,0.6666666666666666,0.6111111111111112
1093,1.0,0.9444444444444444
1094,0.8888888888888888,0.5555555555555556
1095,1.0,1.0
1096,1.0,1.0
1097,1.0,1.0
1098,0.5555555555555556,0.5
1099,1.0,1.0
1100,0.7777777777777778,0.5
1101,1.0,0.9444444444444444
1102,1.0,1.0
1103,1.0,1.0
1104,0.5555555555555556,0.5
1105,1.0,1.0
1106,0.8888888888888888,0.5555555555555556
1107,1.0,0.9444444444444444
1108,1.0,1.0
1109,1.0,0.9444444444444444
1110,0.5555555555555556,0.5555555555555556
1111,1.0,1.0
1112,0.8888888888888888,0.5555555555555556
1113,1.0,1.0
1114,1.0,1.0
1115,1.0,1.0
1116,0.8888888888888888,0.5555555555555556
1117,1.0,0.9444444444444444
1118,0.7777777777777778,0.5
1119,1.0,0.9444444444444444
1120,1.0,0.9444444444444444
1121,1.0,0.9444444444444444
1122,0.8888888888888888,0.5555555555555556
1123,1.0,0.9444444444444444
1124,1.0,0.6666666666666666
1125,1.0,1.0
1126,1.0,0.9444444444444444
1127,1.0,0.9444444444444444
1128,0.7777777777777778,0.5555555555555556
1129,0.8888888888888888,0.9444444444444444
1130,1.0,0.7777777777777778
1131,1.0,0.9444444444444444
1132,1.0,0.9444444444444444
1133,1.0,0.9444444444444444
1134,1.0,0.5
1135,1.0,0.8333333333333334
1136,0.5555555555555556,0.5
1137,1.0,1.0
1138,1.0,0.6111111111111112
1139,1.0,0.5
1140,1.0,0.5
1141,1.0,0.9444444444444444
1142,0.8888888888888888,0.5555555555555556
1143,1.0,1.0
1144,1.0,0.9444444444444444
1145,1.0,0.8333333333333334
1146,0.8888888888888888,0.5555555555555556
1147,1.0,0.9444444444444444
1148,1.0,0.6111111111111112
1149,1.0,1.0
1150,1.0,0.9444444444444444
1151,1.0,0.9444444444444444
1152,0.5555555555555556,0.6111111111111112
1153,1.0,1.0
1154,0.6666666666666666,0.5
1155,1.0,1.0
1156,1.0,1.0
1157,1.0,1.0
1158,0.5555555555555556,0.6666666666666666
1159,1.0,1.0
1160,0.6666666666666666,0.5
1161,1.0,1.0
1162,1.0,1.0
1163,1.0,1.0
1164,0.5555555555555556,0.6666666666666666
1165,1.0,1.0
1166,1.0,0.7777777777777778
1167,1.0,1.0
1168,1.0,1.0
1169,1.0,1.0
1170,0.6666666666666666,0.5
1171,1.0,0.7222222222222222
1172,0.5555555555555556,0.5
1173,1.0,0.8888888888888888
1174,1.0,0.9444444444444444
1175,1.0,0.8888888888888888
1176,0.6666666666666666,0.5
1177,1.0,0.8888888888888888
1178,0.6666666666666666,0.5
1179,1.0,0.8888888888888888
1180,1.0,1.0
1181,1.0,0.8888888888888888
1182,0.5555555555555556,0.5
1183,1.0,0.8888888888888888
1184,1.0,0.5
1185,1.0,0.8888888888888888
1186,1.0,1.0
1187,1.0,0.8888888888888888
