﻿Dataset Number,Noise,Type of Sampling,Number of Species,Number of Samples,Number of simulations,Ground truth,Sequencing depth
0,0.01,even,3,5,5,1,High
1,0.01,even,3,5,10,1,High
2,0.01,even,3,5,50,1,High
3,0.01,even,3,10,5,1,High
4,0.01,even,3,10,10,1,High
5,0.01,even,3,10,50,1,High
6,0.01,even,3,15,5,1,High
7,0.01,even,3,15,10,1,High
8,0.01,even,3,15,50,1,High
9,0.05,even,3,5,5,1,High
10,0.05,even,3,5,10,1,High
11,0.05,even,3,5,50,1,High
12,0.05,even,3,10,5,1,High
13,0.05,even,3,10,10,1,High
14,0.05,even,3,10,50,1,High
15,0.05,even,3,15,5,1,High
16,0.05,even,3,15,10,1,High
17,0.05,even,3,15,50,1,High
18,0.1,even,3,5,5,1,High
19,0.1,even,3,5,10,1,High
20,0.1,even,3,5,50,1,High
21,0.1,even,3,10,5,1,High
22,0.1,even,3,10,10,1,High
23,0.1,even,3,10,50,1,High
24,0.1,even,3,15,5,1,High
25,0.1,even,3,15,10,1,High
26,0.1,even,3,15,50,1,High
27,0.01,even,10,5,5,1,High
28,0.01,even,10,5,10,1,High
29,0.01,even,10,5,50,1,High
30,0.01,even,10,10,5,1,High
31,0.01,even,10,10,10,1,High
32,0.01,even,10,10,50,1,High
33,0.01,even,10,15,5,1,High
34,0.01,even,10,15,10,1,High
35,0.01,even,10,15,50,1,High
36,0.05,even,10,5,5,1,High
37,0.05,even,10,5,10,1,High
38,0.05,even,10,5,50,1,High
39,0.05,even,10,10,5,1,High
40,0.05,even,10,10,10,1,High
41,0.05,even,10,10,50,1,High
42,0.05,even,10,15,5,1,High
43,0.05,even,10,15,10,1,High
44,0.05,even,10,15,50,1,High
45,0.1,even,10,5,5,1,High
46,0.1,even,10,5,10,1,High
47,0.1,even,10,5,50,1,High
48,0.1,even,10,10,5,1,High
49,0.1,even,10,10,10,1,High
50,0.1,even,10,10,50,1,High
51,0.1,even,10,15,5,1,High
52,0.1,even,10,15,10,1,High
53,0.1,even,10,15,50,1,High
54,0.01,sequential,3,5,5,1,High
55,0.01,sequential,3,5,10,1,High
56,0.01,sequential,3,5,50,1,High
57,0.01,sequential,3,10,5,1,High
58,0.01,sequential,3,10,10,1,High
59,0.01,sequential,3,10,50,1,High
60,0.01,sequential,3,15,5,1,High
61,0.01,sequential,3,15,10,1,High
62,0.01,sequential,3,15,50,1,High
63,0.05,sequential,3,5,5,1,High
64,0.05,sequential,3,5,10,1,High
65,0.05,sequential,3,5,50,1,High
66,0.05,sequential,3,10,5,1,High
67,0.05,sequential,3,10,10,1,High
68,0.05,sequential,3,10,50,1,High
69,0.05,sequential,3,15,5,1,High
70,0.05,sequential,3,15,10,1,High
71,0.05,sequential,3,15,50,1,High
72,0.1,sequential,3,5,5,1,High
73,0.1,sequential,3,5,10,1,High
74,0.1,sequential,3,5,50,1,High
75,0.1,sequential,3,10,5,1,High
76,0.1,sequential,3,10,10,1,High
77,0.1,sequential,3,10,50,1,High
78,0.1,sequential,3,15,5,1,High
79,0.1,sequential,3,15,10,1,High
80,0.1,sequential,3,15,50,1,High
81,0.01,sequential,10,5,5,1,High
82,0.01,sequential,10,5,10,1,High
83,0.01,sequential,10,5,50,1,High
84,0.01,sequential,10,10,5,1,High
85,0.01,sequential,10,10,10,1,High
86,0.01,sequential,10,10,50,1,High
87,0.01,sequential,10,15,5,1,High
88,0.01,sequential,10,15,10,1,High
89,0.01,sequential,10,15,50,1,High
90,0.05,sequential,10,5,5,1,High
91,0.05,sequential,10,5,10,1,High
92,0.05,sequential,10,5,50,1,High
93,0.05,sequential,10,10,5,1,High
94,0.05,sequential,10,10,10,1,High
95,0.05,sequential,10,10,50,1,High
96,0.05,sequential,10,15,5,1,High
97,0.05,sequential,10,15,10,1,High
98,0.05,sequential,10,15,50,1,High
99,0.1,sequential,10,5,5,1,High
100,0.1,sequential,10,5,10,1,High
101,0.1,sequential,10,5,50,1,High
102,0.1,sequential,10,10,5,1,High
103,0.1,sequential,10,10,10,1,High
104,0.1,sequential,10,10,50,1,High
105,0.1,sequential,10,15,5,1,High
106,0.1,sequential,10,15,10,1,High
107,0.1,sequential,10,15,50,1,High
108,0.01,stochastic,3,5,5,1,High
109,0.01,stochastic,3,5,10,1,High
110,0.01,stochastic,3,5,50,1,High
111,0.01,stochastic,3,10,5,1,High
112,0.01,stochastic,3,10,10,1,High
113,0.01,stochastic,3,10,50,1,High
114,0.01,stochastic,3,15,5,1,High
115,0.01,stochastic,3,15,10,1,High
116,0.01,stochastic,3,15,50,1,High
117,0.05,stochastic,3,5,5,1,High
118,0.05,stochastic,3,5,10,1,High
119,0.05,stochastic,3,5,50,1,High
120,0.05,stochastic,3,10,5,1,High
121,0.05,stochastic,3,10,10,1,High
122,0.05,stochastic,3,10,50,1,High
123,0.05,stochastic,3,15,5,1,High
124,0.05,stochastic,3,15,10,1,High
125,0.05,stochastic,3,15,50,1,High
126,0.1,stochastic,3,5,5,1,High
127,0.1,stochastic,3,5,10,1,High
128,0.1,stochastic,3,5,50,1,High
129,0.1,stochastic,3,10,5,1,High
130,0.1,stochastic,3,10,10,1,High
131,0.1,stochastic,3,10,50,1,High
132,0.1,stochastic,3,15,5,1,High
133,0.1,stochastic,3,15,10,1,High
134,0.1,stochastic,3,15,50,1,High
135,0.01,stochastic,10,5,5,1,High
136,0.01,stochastic,10,5,10,1,High
137,0.01,stochastic,10,5,50,1,High
138,0.01,stochastic,10,10,5,1,High
139,0.01,stochastic,10,10,10,1,High
140,0.01,stochastic,10,10,50,1,High
141,0.01,stochastic,10,15,5,1,High
142,0.01,stochastic,10,15,10,1,High
143,0.01,stochastic,10,15,50,1,High
144,0.05,stochastic,10,5,5,1,High
145,0.05,stochastic,10,5,10,1,High
146,0.05,stochastic,10,5,50,1,High
147,0.05,stochastic,10,10,5,1,High
148,0.05,stochastic,10,10,10,1,High
149,0.05,stochastic,10,10,50,1,High
150,0.05,stochastic,10,15,5,1,High
151,0.05,stochastic,10,15,10,1,High
152,0.05,stochastic,10,15,50,1,High
153,0.1,stochastic,10,5,5,1,High
154,0.1,stochastic,10,5,10,1,High
155,0.1,stochastic,10,5,50,1,High
156,0.1,stochastic,10,10,5,1,High
157,0.1,stochastic,10,10,10,1,High
158,0.1,stochastic,10,10,50,1,High
159,0.1,stochastic,10,15,5,1,High
160,0.1,stochastic,10,15,10,1,High
161,0.1,stochastic,10,15,50,1,High
162,0.01,even,100,5,5,1,High
163,0.01,even,100,5,10,1,High
164,0.01,even,100,5,50,1,High
165,0.01,even,100,10,5,1,High
166,0.01,even,100,10,10,1,High
167,0.01,even,100,10,50,1,High
168,0.01,even,100,15,5,1,High
169,0.01,even,100,15,10,1,High
170,0.01,even,100,15,50,1,High
171,0.05,even,100,5,5,1,High
172,0.05,even,100,5,10,1,High
173,0.05,even,100,5,50,1,High
174,0.05,even,100,10,5,1,High
175,0.05,even,100,10,10,1,High
176,0.05,even,100,10,50,1,High
177,0.05,even,100,15,5,1,High
178,0.05,even,100,15,10,1,High
179,0.05,even,100,15,50,1,High
180,0.1,even,100,5,5,1,High
181,0.1,even,100,5,10,1,High
182,0.1,even,100,5,50,1,High
183,0.1,even,100,10,5,1,High
184,0.1,even,100,10,10,1,High
185,0.1,even,100,10,50,1,High
186,0.1,even,100,15,5,1,High
187,0.1,even,100,15,10,1,High
188,0.1,even,100,15,50,1,High
189,0.01,sequential,100,5,5,1,High
190,0.01,sequential,100,5,10,1,High
191,0.01,sequential,100,5,50,1,High
192,0.01,sequential,100,10,5,1,High
193,0.01,sequential,100,10,10,1,High
194,0.01,sequential,100,10,50,1,High
195,0.01,sequential,100,15,5,1,High
196,0.01,sequential,100,15,10,1,High
197,0.01,sequential,100,15,50,1,High
198,0.05,sequential,100,5,5,1,High
199,0.05,sequential,100,5,10,1,High
200,0.05,sequential,100,5,50,1,High
201,0.05,sequential,100,10,5,1,High
202,0.05,sequential,100,10,10,1,High
203,0.05,sequential,100,10,50,1,High
204,0.05,sequential,100,15,5,1,High
205,0.05,sequential,100,15,10,1,High
206,0.05,sequential,100,15,50,1,High
207,0.1,sequential,100,5,5,1,High
208,0.1,sequential,100,5,10,1,High
209,0.1,sequential,100,5,50,1,High
210,0.1,sequential,100,10,5,1,High
211,0.1,sequential,100,10,10,1,High
212,0.1,sequential,100,10,50,1,High
213,0.1,sequential,100,15,5,1,High
214,0.1,sequential,100,15,10,1,High
215,0.1,sequential,100,15,50,1,High
216,0.01,stochastic,100,5,5,1,High
217,0.01,stochastic,100,5,10,1,High
218,0.01,stochastic,100,5,50,1,High
219,0.01,stochastic,100,10,5,1,High
220,0.01,stochastic,100,10,10,1,High
221,0.01,stochastic,100,10,50,1,High
222,0.01,stochastic,100,15,5,1,High
223,0.01,stochastic,100,15,10,1,High
224,0.01,stochastic,100,15,50,1,High
225,0.05,stochastic,100,5,5,1,High
226,0.05,stochastic,100,5,10,1,High
227,0.05,stochastic,100,5,50,1,High
228,0.05,stochastic,100,10,5,1,High
229,0.05,stochastic,100,10,10,1,High
230,0.05,stochastic,100,10,50,1,High
231,0.05,stochastic,100,15,5,1,High
232,0.05,stochastic,100,15,10,1,High
233,0.05,stochastic,100,15,50,1,High
234,0.1,stochastic,100,5,5,1,High
235,0.1,stochastic,100,5,10,1,High
236,0.1,stochastic,100,5,50,1,High
237,0.1,stochastic,100,10,5,1,High
238,0.1,stochastic,100,10,10,1,High
239,0.1,stochastic,100,10,50,1,High
240,0.1,stochastic,100,15,5,1,High
241,0.1,stochastic,100,15,10,1,High
242,0.1,stochastic,100,15,50,1,High
243,0.01,even,3,5,5,2,High
244,0.01,even,3,5,10,2,High
245,0.01,even,3,5,50,2,High
246,0.01,even,3,10,5,2,High
247,0.01,even,3,10,10,2,High
248,0.01,even,3,10,50,2,High
249,0.01,even,3,15,5,2,High
250,0.01,even,3,15,10,2,High
251,0.01,even,3,15,50,2,High
252,0.05,even,3,5,5,2,High
253,0.05,even,3,5,10,2,High
254,0.05,even,3,5,50,2,High
255,0.05,even,3,10,5,2,High
256,0.05,even,3,10,10,2,High
257,0.05,even,3,10,50,2,High
258,0.05,even,3,15,5,2,High
259,0.05,even,3,15,10,2,High
260,0.05,even,3,15,50,2,High
261,0.1,even,3,5,5,2,High
262,0.1,even,3,5,10,2,High
263,0.1,even,3,5,50,2,High
264,0.1,even,3,10,5,2,High
265,0.1,even,3,10,10,2,High
266,0.1,even,3,10,50,2,High
267,0.1,even,3,15,5,2,High
268,0.1,even,3,15,10,2,High
269,0.1,even,3,15,50,2,High
270,0.01,even,10,5,5,2,High
271,0.01,even,10,5,10,2,High
272,0.01,even,10,5,50,2,High
273,0.01,even,10,10,5,2,High
274,0.01,even,10,10,10,2,High
275,0.01,even,10,10,50,2,High
276,0.01,even,10,15,5,2,High
277,0.01,even,10,15,10,2,High
278,0.01,even,10,15,50,2,High
279,0.05,even,10,5,5,2,High
280,0.05,even,10,5,10,2,High
281,0.05,even,10,5,50,2,High
282,0.05,even,10,10,5,2,High
283,0.05,even,10,10,10,2,High
284,0.05,even,10,10,50,2,High
285,0.05,even,10,15,5,2,High
286,0.05,even,10,15,10,2,High
287,0.05,even,10,15,50,2,High
288,0.1,even,10,5,5,2,High
289,0.1,even,10,5,10,2,High
290,0.1,even,10,5,50,2,High
291,0.1,even,10,10,5,2,High
292,0.1,even,10,10,10,2,High
293,0.1,even,10,10,50,2,High
294,0.1,even,10,15,5,2,High
295,0.1,even,10,15,10,2,High
296,0.1,even,10,15,50,2,High
297,0.01,sequential,3,5,5,2,High
298,0.01,sequential,3,5,10,2,High
299,0.01,sequential,3,5,50,2,High
300,0.01,sequential,3,10,5,2,High
301,0.01,sequential,3,10,10,2,High
302,0.01,sequential,3,10,50,2,High
303,0.01,sequential,3,15,5,2,High
304,0.01,sequential,3,15,10,2,High
305,0.01,sequential,3,15,50,2,High
306,0.05,sequential,3,5,5,2,High
307,0.05,sequential,3,5,10,2,High
308,0.05,sequential,3,5,50,2,High
309,0.05,sequential,3,10,5,2,High
310,0.05,sequential,3,10,10,2,High
311,0.05,sequential,3,10,50,2,High
312,0.05,sequential,3,15,5,2,High
313,0.05,sequential,3,15,10,2,High
314,0.05,sequential,3,15,50,2,High
315,0.1,sequential,3,5,5,2,High
316,0.1,sequential,3,5,10,2,High
317,0.1,sequential,3,5,50,2,High
318,0.1,sequential,3,10,5,2,High
319,0.1,sequential,3,10,10,2,High
320,0.1,sequential,3,10,50,2,High
321,0.1,sequential,3,15,5,2,High
322,0.1,sequential,3,15,10,2,High
323,0.1,sequential,3,15,50,2,High
324,0.01,sequential,10,5,5,2,High
325,0.01,sequential,10,5,10,2,High
326,0.01,sequential,10,5,50,2,High
327,0.01,sequential,10,10,5,2,High
328,0.01,sequential,10,10,10,2,High
329,0.01,sequential,10,10,50,2,High
330,0.01,sequential,10,15,5,2,High
331,0.01,sequential,10,15,10,2,High
332,0.01,sequential,10,15,50,2,High
333,0.05,sequential,10,5,5,2,High
334,0.05,sequential,10,5,10,2,High
335,0.05,sequential,10,5,50,2,High
336,0.05,sequential,10,10,5,2,High
337,0.05,sequential,10,10,10,2,High
338,0.05,sequential,10,10,50,2,High
339,0.05,sequential,10,15,5,2,High
340,0.05,sequential,10,15,10,2,High
341,0.05,sequential,10,15,50,2,High
342,0.1,sequential,10,5,5,2,High
343,0.1,sequential,10,5,10,2,High
344,0.1,sequential,10,5,50,2,High
345,0.1,sequential,10,10,5,2,High
346,0.1,sequential,10,10,10,2,High
347,0.1,sequential,10,10,50,2,High
348,0.1,sequential,10,15,5,2,High
349,0.1,sequential,10,15,10,2,High
350,0.1,sequential,10,15,50,2,High
351,0.01,stochastic,3,5,5,2,High
352,0.01,stochastic,3,5,10,2,High
353,0.01,stochastic,3,5,50,2,High
354,0.01,stochastic,3,10,5,2,High
355,0.01,stochastic,3,10,10,2,High
356,0.01,stochastic,3,10,50,2,High
357,0.01,stochastic,3,15,5,2,High
358,0.01,stochastic,3,15,10,2,High
359,0.01,stochastic,3,15,50,2,High
360,0.05,stochastic,3,5,5,2,High
361,0.05,stochastic,3,5,10,2,High
362,0.05,stochastic,3,5,50,2,High
363,0.05,stochastic,3,10,5,2,High
364,0.05,stochastic,3,10,10,2,High
365,0.05,stochastic,3,10,50,2,High
366,0.05,stochastic,3,15,5,2,High
367,0.05,stochastic,3,15,10,2,High
368,0.05,stochastic,3,15,50,2,High
369,0.1,stochastic,3,5,5,2,High
370,0.1,stochastic,3,5,10,2,High
371,0.1,stochastic,3,5,50,2,High
372,0.1,stochastic,3,10,5,2,High
373,0.1,stochastic,3,10,10,2,High
374,0.1,stochastic,3,10,50,2,High
375,0.1,stochastic,3,15,5,2,High
376,0.1,stochastic,3,15,10,2,High
377,0.1,stochastic,3,15,50,2,High
378,0.01,stochastic,10,5,5,2,High
379,0.01,stochastic,10,5,10,2,High
380,0.01,stochastic,10,5,50,2,High
381,0.01,stochastic,10,10,5,2,High
382,0.01,stochastic,10,10,10,2,High
383,0.01,stochastic,10,10,50,2,High
384,0.01,stochastic,10,15,5,2,High
385,0.01,stochastic,10,15,10,2,High
386,0.01,stochastic,10,15,50,2,High
387,0.05,stochastic,10,5,5,2,High
388,0.05,stochastic,10,5,10,2,High
389,0.05,stochastic,10,5,50,2,High
390,0.05,stochastic,10,10,5,2,High
391,0.05,stochastic,10,10,10,2,High
392,0.05,stochastic,10,10,50,2,High
393,0.05,stochastic,10,15,5,2,High
394,0.05,stochastic,10,15,10,2,High
395,0.05,stochastic,10,15,50,2,High
396,0.1,stochastic,10,5,5,2,High
397,0.1,stochastic,10,5,10,2,High
398,0.1,stochastic,10,5,50,2,High
399,0.1,stochastic,10,10,5,2,High
400,0.1,stochastic,10,10,10,2,High
401,0.1,stochastic,10,10,50,2,High
402,0.1,stochastic,10,15,5,2,High
403,0.1,stochastic,10,15,10,2,High
404,0.1,stochastic,10,15,50,2,High
405,0.01,even,3,5,5,3,High
406,0.01,even,3,5,10,3,High
407,0.01,even,3,5,50,3,High
408,0.01,even,3,10,5,3,High
409,0.01,even,3,10,10,3,High
410,0.01,even,3,10,50,3,High
411,0.01,even,3,15,5,3,High
412,0.01,even,3,15,10,3,High
413,0.01,even,3,15,50,3,High
414,0.05,even,3,5,5,3,High
415,0.05,even,3,5,10,3,High
416,0.05,even,3,5,50,3,High
417,0.05,even,3,10,5,3,High
418,0.05,even,3,10,10,3,High
419,0.05,even,3,10,50,3,High
420,0.05,even,3,15,5,3,High
421,0.05,even,3,15,10,3,High
422,0.05,even,3,15,50,3,High
423,0.1,even,3,5,5,3,High
424,0.1,even,3,5,10,3,High
425,0.1,even,3,5,50,3,High
426,0.1,even,3,10,5,3,High
427,0.1,even,3,10,10,3,High
428,0.1,even,3,10,50,3,High
429,0.1,even,3,15,5,3,High
430,0.1,even,3,15,10,3,High
431,0.1,even,3,15,50,3,High
432,0.01,even,10,5,5,3,High
433,0.01,even,10,5,10,3,High
434,0.01,even,10,5,50,3,High
435,0.01,even,10,10,5,3,High
436,0.01,even,10,10,10,3,High
437,0.01,even,10,10,50,3,High
438,0.01,even,10,15,5,3,High
439,0.01,even,10,15,10,3,High
440,0.01,even,10,15,50,3,High
441,0.05,even,10,5,5,3,High
442,0.05,even,10,5,10,3,High
443,0.05,even,10,5,50,3,High
444,0.05,even,10,10,5,3,High
445,0.05,even,10,10,10,3,High
446,0.05,even,10,10,50,3,High
447,0.05,even,10,15,5,3,High
448,0.05,even,10,15,10,3,High
449,0.05,even,10,15,50,3,High
450,0.1,even,10,5,5,3,High
451,0.1,even,10,5,10,3,High
452,0.1,even,10,5,50,3,High
453,0.1,even,10,10,5,3,High
454,0.1,even,10,10,10,3,High
455,0.1,even,10,10,50,3,High
456,0.1,even,10,15,5,3,High
457,0.1,even,10,15,10,3,High
458,0.1,even,10,15,50,3,High
459,0.01,sequential,3,5,5,3,High
460,0.01,sequential,3,5,10,3,High
461,0.01,sequential,3,5,50,3,High
462,0.01,sequential,3,10,5,3,High
463,0.01,sequential,3,10,10,3,High
464,0.01,sequential,3,10,50,3,High
465,0.01,sequential,3,15,5,3,High
466,0.01,sequential,3,15,10,3,High
467,0.01,sequential,3,15,50,3,High
468,0.05,sequential,3,5,5,3,High
469,0.05,sequential,3,5,10,3,High
470,0.05,sequential,3,5,50,3,High
471,0.05,sequential,3,10,5,3,High
472,0.05,sequential,3,10,10,3,High
473,0.05,sequential,3,10,50,3,High
474,0.05,sequential,3,15,5,3,High
475,0.05,sequential,3,15,10,3,High
476,0.05,sequential,3,15,50,3,High
477,0.1,sequential,3,5,5,3,High
478,0.1,sequential,3,5,10,3,High
479,0.1,sequential,3,5,50,3,High
480,0.1,sequential,3,10,5,3,High
481,0.1,sequential,3,10,10,3,High
482,0.1,sequential,3,10,50,3,High
483,0.1,sequential,3,15,5,3,High
484,0.1,sequential,3,15,10,3,High
485,0.1,sequential,3,15,50,3,High
486,0.01,sequential,10,5,5,3,High
487,0.01,sequential,10,5,10,3,High
488,0.01,sequential,10,5,50,3,High
489,0.01,sequential,10,10,5,3,High
490,0.01,sequential,10,10,10,3,High
491,0.01,sequential,10,10,50,3,High
492,0.01,sequential,10,15,5,3,High
493,0.01,sequential,10,15,10,3,High
494,0.01,sequential,10,15,50,3,High
495,0.05,sequential,10,5,5,3,High
496,0.05,sequential,10,5,10,3,High
497,0.05,sequential,10,5,50,3,High
498,0.05,sequential,10,10,5,3,High
499,0.05,sequential,10,10,10,3,High
500,0.05,sequential,10,10,50,3,High
501,0.05,sequential,10,15,5,3,High
502,0.05,sequential,10,15,10,3,High
503,0.05,sequential,10,15,50,3,High
504,0.1,sequential,10,5,5,3,High
505,0.1,sequential,10,5,10,3,High
506,0.1,sequential,10,5,50,3,High
507,0.1,sequential,10,10,5,3,High
508,0.1,sequential,10,10,10,3,High
509,0.1,sequential,10,10,50,3,High
510,0.1,sequential,10,15,5,3,High
511,0.1,sequential,10,15,10,3,High
512,0.1,sequential,10,15,50,3,High
513,0.01,stochastic,3,5,5,3,High
514,0.01,stochastic,3,5,10,3,High
515,0.01,stochastic,3,5,50,3,High
516,0.01,stochastic,3,10,5,3,High
517,0.01,stochastic,3,10,10,3,High
518,0.01,stochastic,3,10,50,3,High
519,0.01,stochastic,3,15,5,3,High
520,0.01,stochastic,3,15,10,3,High
521,0.01,stochastic,3,15,50,3,High
522,0.05,stochastic,3,5,5,3,High
523,0.05,stochastic,3,5,10,3,High
524,0.05,stochastic,3,5,50,3,High
525,0.05,stochastic,3,10,5,3,High
526,0.05,stochastic,3,10,10,3,High
527,0.05,stochastic,3,10,50,3,High
528,0.05,stochastic,3,15,5,3,High
529,0.05,stochastic,3,15,10,3,High
530,0.05,stochastic,3,15,50,3,High
531,0.1,stochastic,3,5,5,3,High
532,0.1,stochastic,3,5,10,3,High
533,0.1,stochastic,3,5,50,3,High
534,0.1,stochastic,3,10,5,3,High
535,0.1,stochastic,3,10,10,3,High
536,0.1,stochastic,3,10,50,3,High
537,0.1,stochastic,3,15,5,3,High
538,0.1,stochastic,3,15,10,3,High
539,0.1,stochastic,3,15,50,3,High
540,0.01,stochastic,10,5,5,3,High
541,0.01,stochastic,10,5,10,3,High
542,0.01,stochastic,10,5,50,3,High
543,0.01,stochastic,10,10,5,3,High
544,0.01,stochastic,10,10,10,3,High
545,0.01,stochastic,10,10,50,3,High
546,0.01,stochastic,10,15,5,3,High
547,0.01,stochastic,10,15,10,3,High
548,0.01,stochastic,10,15,50,3,High
549,0.05,stochastic,10,5,5,3,High
550,0.05,stochastic,10,5,10,3,High
551,0.05,stochastic,10,5,50,3,High
552,0.05,stochastic,10,10,5,3,High
553,0.05,stochastic,10,10,10,3,High
554,0.05,stochastic,10,10,50,3,High
555,0.05,stochastic,10,15,5,3,High
556,0.05,stochastic,10,15,10,3,High
557,0.05,stochastic,10,15,50,3,High
558,0.1,stochastic,10,5,5,3,High
559,0.1,stochastic,10,5,10,3,High
560,0.1,stochastic,10,5,50,3,High
561,0.1,stochastic,10,10,5,3,High
562,0.1,stochastic,10,10,10,3,High
563,0.1,stochastic,10,10,50,3,High
564,0.1,stochastic,10,15,5,3,High
565,0.1,stochastic,10,15,10,3,High
566,0.1,stochastic,10,15,50,3,High
567,0.01,even,3,5,5,1,Low
568,0.01,even,3,5,10,1,Low
569,0.01,even,3,5,50,1,Low
570,0.01,even,3,10,5,1,Low
571,0.01,even,3,10,10,1,Low
572,0.01,even,3,10,50,1,Low
573,0.01,even,3,15,5,1,Low
574,0.01,even,3,15,10,1,Low
575,0.01,even,3,15,50,1,Low
576,0.05,even,3,5,5,1,Low
577,0.05,even,3,5,10,1,Low
578,0.05,even,3,5,50,1,Low
579,0.05,even,3,10,5,1,Low
580,0.05,even,3,10,10,1,Low
581,0.05,even,3,10,50,1,Low
582,0.05,even,3,15,5,1,Low
583,0.05,even,3,15,10,1,Low
584,0.05,even,3,15,50,1,Low
585,0.1,even,3,5,5,1,Low
586,0.1,even,3,5,10,1,Low
587,0.1,even,3,5,50,1,Low
588,0.1,even,3,10,5,1,Low
589,0.1,even,3,10,10,1,Low
590,0.1,even,3,10,50,1,Low
591,0.1,even,3,15,5,1,Low
592,0.1,even,3,15,10,1,Low
593,0.1,even,3,15,50,1,Low
594,0.01,even,10,5,5,1,Low
595,0.01,even,10,5,10,1,Low
596,0.01,even,10,5,50,1,Low
597,0.01,even,10,10,5,1,Low
598,0.01,even,10,10,10,1,Low
599,0.01,even,10,10,50,1,Low
600,0.01,even,10,15,5,1,Low
601,0.01,even,10,15,10,1,Low
602,0.01,even,10,15,50,1,Low
603,0.05,even,10,5,5,1,Low
604,0.05,even,10,5,10,1,Low
605,0.05,even,10,5,50,1,Low
606,0.05,even,10,10,5,1,Low
607,0.05,even,10,10,10,1,Low
608,0.05,even,10,10,50,1,Low
609,0.05,even,10,15,5,1,Low
610,0.05,even,10,15,10,1,Low
611,0.05,even,10,15,50,1,Low
612,0.1,even,10,5,5,1,Low
613,0.1,even,10,5,10,1,Low
614,0.1,even,10,5,50,1,Low
615,0.1,even,10,10,5,1,Low
616,0.1,even,10,10,10,1,Low
617,0.1,even,10,10,50,1,Low
618,0.1,even,10,15,5,1,Low
619,0.1,even,10,15,10,1,Low
620,0.1,even,10,15,50,1,Low
621,0.01,sequential,3,5,5,1,Low
622,0.01,sequential,3,5,10,1,Low
623,0.01,sequential,3,5,50,1,Low
624,0.01,sequential,3,10,5,1,Low
625,0.01,sequential,3,10,10,1,Low
626,0.01,sequential,3,10,50,1,Low
627,0.01,sequential,3,15,5,1,Low
628,0.01,sequential,3,15,10,1,Low
629,0.01,sequential,3,15,50,1,Low
630,0.05,sequential,3,5,5,1,Low
631,0.05,sequential,3,5,10,1,Low
632,0.05,sequential,3,5,50,1,Low
633,0.05,sequential,3,10,5,1,Low
634,0.05,sequential,3,10,10,1,Low
635,0.05,sequential,3,10,50,1,Low
636,0.05,sequential,3,15,5,1,Low
637,0.05,sequential,3,15,10,1,Low
638,0.05,sequential,3,15,50,1,Low
639,0.1,sequential,3,5,5,1,Low
640,0.1,sequential,3,5,10,1,Low
641,0.1,sequential,3,5,50,1,Low
642,0.1,sequential,3,10,5,1,Low
643,0.1,sequential,3,10,10,1,Low
644,0.1,sequential,3,10,50,1,Low
645,0.1,sequential,3,15,5,1,Low
646,0.1,sequential,3,15,10,1,Low
647,0.1,sequential,3,15,50,1,Low
648,0.01,sequential,10,5,5,1,Low
649,0.01,sequential,10,5,10,1,Low
650,0.01,sequential,10,5,50,1,Low
651,0.01,sequential,10,10,5,1,Low
652,0.01,sequential,10,10,10,1,Low
653,0.01,sequential,10,10,50,1,Low
654,0.01,sequential,10,15,5,1,Low
655,0.01,sequential,10,15,10,1,Low
656,0.01,sequential,10,15,50,1,Low
657,0.05,sequential,10,5,5,1,Low
658,0.05,sequential,10,5,10,1,Low
659,0.05,sequential,10,5,50,1,Low
660,0.05,sequential,10,10,5,1,Low
661,0.05,sequential,10,10,10,1,Low
662,0.05,sequential,10,10,50,1,Low
663,0.05,sequential,10,15,5,1,Low
664,0.05,sequential,10,15,10,1,Low
665,0.05,sequential,10,15,50,1,Low
666,0.1,sequential,10,5,5,1,Low
667,0.1,sequential,10,5,10,1,Low
668,0.1,sequential,10,5,50,1,Low
669,0.1,sequential,10,10,5,1,Low
670,0.1,sequential,10,10,10,1,Low
671,0.1,sequential,10,10,50,1,Low
672,0.1,sequential,10,15,5,1,Low
673,0.1,sequential,10,15,10,1,Low
674,0.1,sequential,10,15,50,1,Low
675,0.01,stochastic,3,5,5,1,Low
676,0.01,stochastic,3,5,10,1,Low
677,0.01,stochastic,3,5,50,1,Low
678,0.01,stochastic,3,10,5,1,Low
679,0.01,stochastic,3,10,10,1,Low
680,0.01,stochastic,3,10,50,1,Low
681,0.01,stochastic,3,15,5,1,Low
682,0.01,stochastic,3,15,10,1,Low
683,0.01,stochastic,3,15,50,1,Low
684,0.05,stochastic,3,5,5,1,Low
685,0.05,stochastic,3,5,10,1,Low
686,0.05,stochastic,3,5,50,1,Low
687,0.05,stochastic,3,10,5,1,Low
688,0.05,stochastic,3,10,10,1,Low
689,0.05,stochastic,3,10,50,1,Low
690,0.05,stochastic,3,15,5,1,Low
691,0.05,stochastic,3,15,10,1,Low
692,0.05,stochastic,3,15,50,1,Low
693,0.1,stochastic,3,5,5,1,Low
694,0.1,stochastic,3,5,10,1,Low
695,0.1,stochastic,3,5,50,1,Low
696,0.1,stochastic,3,10,5,1,Low
697,0.1,stochastic,3,10,10,1,Low
698,0.1,stochastic,3,10,50,1,Low
699,0.1,stochastic,3,15,5,1,Low
700,0.1,stochastic,3,15,10,1,Low
701,0.1,stochastic,3,15,50,1,Low
702,0.01,stochastic,10,5,5,1,Low
703,0.01,stochastic,10,5,10,1,Low
704,0.01,stochastic,10,5,50,1,Low
705,0.01,stochastic,10,10,5,1,Low
706,0.01,stochastic,10,10,10,1,Low
707,0.01,stochastic,10,10,50,1,Low
708,0.01,stochastic,10,15,5,1,Low
709,0.01,stochastic,10,15,10,1,Low
710,0.01,stochastic,10,15,50,1,Low
711,0.05,stochastic,10,5,5,1,Low
712,0.05,stochastic,10,5,10,1,Low
713,0.05,stochastic,10,5,50,1,Low
714,0.05,stochastic,10,10,5,1,Low
715,0.05,stochastic,10,10,10,1,Low
716,0.05,stochastic,10,10,50,1,Low
717,0.05,stochastic,10,15,5,1,Low
718,0.05,stochastic,10,15,10,1,Low
719,0.05,stochastic,10,15,50,1,Low
720,0.1,stochastic,10,5,5,1,Low
721,0.1,stochastic,10,5,10,1,Low
722,0.1,stochastic,10,5,50,1,Low
723,0.1,stochastic,10,10,5,1,Low
724,0.1,stochastic,10,10,10,1,Low
725,0.1,stochastic,10,10,50,1,Low
726,0.1,stochastic,10,15,5,1,Low
727,0.1,stochastic,10,15,10,1,Low
728,0.1,stochastic,10,15,50,1,Low
729,0.01,even,100,5,5,1,Low
730,0.01,even,100,5,10,1,Low
731,0.01,even,100,5,50,1,Low
732,0.01,even,100,10,5,1,Low
733,0.01,even,100,10,10,1,Low
734,0.01,even,100,10,50,1,Low
735,0.01,even,100,15,5,1,Low
736,0.01,even,100,15,10,1,Low
737,0.01,even,100,15,50,1,Low
738,0.05,even,100,5,5,1,Low
739,0.05,even,100,5,10,1,Low
740,0.05,even,100,5,50,1,Low
741,0.05,even,100,10,5,1,Low
742,0.05,even,100,10,10,1,Low
743,0.05,even,100,10,50,1,Low
744,0.05,even,100,15,5,1,Low
745,0.05,even,100,15,10,1,Low
746,0.05,even,100,15,50,1,Low
747,0.1,even,100,5,5,1,Low
748,0.1,even,100,5,10,1,Low
749,0.1,even,100,5,50,1,Low
750,0.1,even,100,10,5,1,Low
751,0.1,even,100,10,10,1,Low
752,0.1,even,100,10,50,1,Low
753,0.1,even,100,15,5,1,Low
754,0.1,even,100,15,10,1,Low
755,0.1,even,100,15,50,1,Low
756,0.01,sequential,100,5,5,1,Low
757,0.01,sequential,100,5,10,1,Low
758,0.01,sequential,100,5,50,1,Low
759,0.01,sequential,100,10,5,1,Low
760,0.01,sequential,100,10,10,1,Low
761,0.01,sequential,100,10,50,1,Low
762,0.01,sequential,100,15,5,1,Low
763,0.01,sequential,100,15,10,1,Low
764,0.01,sequential,100,15,50,1,Low
765,0.05,sequential,100,5,5,1,Low
766,0.05,sequential,100,5,10,1,Low
767,0.05,sequential,100,5,50,1,Low
768,0.05,sequential,100,10,5,1,Low
769,0.05,sequential,100,10,10,1,Low
770,0.05,sequential,100,10,50,1,Low
771,0.05,sequential,100,15,5,1,Low
772,0.05,sequential,100,15,10,1,Low
773,0.05,sequential,100,15,50,1,Low
774,0.1,sequential,100,5,5,1,Low
775,0.1,sequential,100,5,10,1,Low
776,0.1,sequential,100,5,50,1,Low
777,0.1,sequential,100,10,5,1,Low
778,0.1,sequential,100,10,10,1,Low
779,0.1,sequential,100,10,50,1,Low
780,0.1,sequential,100,15,5,1,Low
781,0.1,sequential,100,15,10,1,Low
782,0.1,sequential,100,15,50,1,Low
783,0.01,stochastic,100,5,5,1,Low
784,0.01,stochastic,100,5,10,1,Low
785,0.01,stochastic,100,5,50,1,Low
786,0.01,stochastic,100,10,5,1,Low
787,0.01,stochastic,100,10,10,1,Low
788,0.01,stochastic,100,10,50,1,Low
789,0.01,stochastic,100,15,5,1,Low
790,0.01,stochastic,100,15,10,1,Low
791,0.01,stochastic,100,15,50,1,Low
792,0.05,stochastic,100,5,5,1,Low
793,0.05,stochastic,100,5,10,1,Low
794,0.05,stochastic,100,5,50,1,Low
795,0.05,stochastic,100,10,5,1,Low
796,0.05,stochastic,100,10,10,1,Low
797,0.05,stochastic,100,10,50,1,Low
798,0.05,stochastic,100,15,5,1,Low
799,0.05,stochastic,100,15,10,1,Low
800,0.05,stochastic,100,15,50,1,Low
801,0.1,stochastic,100,5,5,1,Low
802,0.1,stochastic,100,5,10,1,Low
803,0.1,stochastic,100,5,50,1,Low
804,0.1,stochastic,100,10,5,1,Low
805,0.1,stochastic,100,10,10,1,Low
806,0.1,stochastic,100,10,50,1,Low
807,0.1,stochastic,100,15,5,1,Low
808,0.1,stochastic,100,15,10,1,Low
809,0.1,stochastic,100,15,50,1,Low
810,0.01,even,3,5,5,2,Low
811,0.01,even,3,5,10,2,Low
812,0.01,even,3,5,50,2,Low
813,0.01,even,3,10,5,2,Low
814,0.01,even,3,10,10,2,Low
815,0.01,even,3,10,50,2,Low
816,0.01,even,3,15,5,2,Low
817,0.01,even,3,15,10,2,Low
818,0.01,even,3,15,50,2,Low
819,0.05,even,3,5,5,2,Low
820,0.05,even,3,5,10,2,Low
821,0.05,even,3,5,50,2,Low
822,0.05,even,3,10,5,2,Low
823,0.05,even,3,10,10,2,Low
824,0.05,even,3,10,50,2,Low
825,0.05,even,3,15,5,2,Low
826,0.05,even,3,15,10,2,Low
827,0.05,even,3,15,50,2,Low
828,0.1,even,3,5,5,2,Low
829,0.1,even,3,5,10,2,Low
830,0.1,even,3,5,50,2,Low
831,0.1,even,3,10,5,2,Low
832,0.1,even,3,10,10,2,Low
833,0.1,even,3,10,50,2,Low
834,0.1,even,3,15,5,2,Low
835,0.1,even,3,15,10,2,Low
836,0.1,even,3,15,50,2,Low
837,0.01,even,10,5,5,2,Low
838,0.01,even,10,5,10,2,Low
839,0.01,even,10,5,50,2,Low
840,0.01,even,10,10,5,2,Low
841,0.01,even,10,10,10,2,Low
842,0.01,even,10,10,50,2,Low
843,0.01,even,10,15,5,2,Low
844,0.01,even,10,15,10,2,Low
845,0.01,even,10,15,50,2,Low
846,0.05,even,10,5,5,2,Low
847,0.05,even,10,5,10,2,Low
848,0.05,even,10,5,50,2,Low
849,0.05,even,10,10,5,2,Low
850,0.05,even,10,10,10,2,Low
851,0.05,even,10,10,50,2,Low
852,0.05,even,10,15,5,2,Low
853,0.05,even,10,15,10,2,Low
854,0.05,even,10,15,50,2,Low
855,0.1,even,10,5,5,2,Low
856,0.1,even,10,5,10,2,Low
857,0.1,even,10,5,50,2,Low
858,0.1,even,10,10,5,2,Low
859,0.1,even,10,10,10,2,Low
860,0.1,even,10,10,50,2,Low
861,0.1,even,10,15,5,2,Low
862,0.1,even,10,15,10,2,Low
863,0.1,even,10,15,50,2,Low
864,0.01,sequential,3,5,5,2,Low
865,0.01,sequential,3,5,10,2,Low
866,0.01,sequential,3,5,50,2,Low
867,0.01,sequential,3,10,5,2,Low
868,0.01,sequential,3,10,10,2,Low
869,0.01,sequential,3,10,50,2,Low
870,0.01,sequential,3,15,5,2,Low
871,0.01,sequential,3,15,10,2,Low
872,0.01,sequential,3,15,50,2,Low
873,0.05,sequential,3,5,5,2,Low
874,0.05,sequential,3,5,10,2,Low
875,0.05,sequential,3,5,50,2,Low
876,0.05,sequential,3,10,5,2,Low
877,0.05,sequential,3,10,10,2,Low
878,0.05,sequential,3,10,50,2,Low
879,0.05,sequential,3,15,5,2,Low
880,0.05,sequential,3,15,10,2,Low
881,0.05,sequential,3,15,50,2,Low
882,0.1,sequential,3,5,5,2,Low
883,0.1,sequential,3,5,10,2,Low
884,0.1,sequential,3,5,50,2,Low
885,0.1,sequential,3,10,5,2,Low
886,0.1,sequential,3,10,10,2,Low
887,0.1,sequential,3,10,50,2,Low
888,0.1,sequential,3,15,5,2,Low
889,0.1,sequential,3,15,10,2,Low
890,0.1,sequential,3,15,50,2,Low
891,0.01,sequential,10,5,5,2,Low
892,0.01,sequential,10,5,10,2,Low
893,0.01,sequential,10,5,50,2,Low
894,0.01,sequential,10,10,5,2,Low
895,0.01,sequential,10,10,10,2,Low
896,0.01,sequential,10,10,50,2,Low
897,0.01,sequential,10,15,5,2,Low
898,0.01,sequential,10,15,10,2,Low
899,0.01,sequential,10,15,50,2,Low
900,0.05,sequential,10,5,5,2,Low
901,0.05,sequential,10,5,10,2,Low
902,0.05,sequential,10,5,50,2,Low
903,0.05,sequential,10,10,5,2,Low
904,0.05,sequential,10,10,10,2,Low
905,0.05,sequential,10,10,50,2,Low
906,0.05,sequential,10,15,5,2,Low
907,0.05,sequential,10,15,10,2,Low
908,0.05,sequential,10,15,50,2,Low
909,0.1,sequential,10,5,5,2,Low
910,0.1,sequential,10,5,10,2,Low
911,0.1,sequential,10,5,50,2,Low
912,0.1,sequential,10,10,5,2,Low
913,0.1,sequential,10,10,10,2,Low
914,0.1,sequential,10,10,50,2,Low
915,0.1,sequential,10,15,5,2,Low
916,0.1,sequential,10,15,10,2,Low
917,0.1,sequential,10,15,50,2,Low
918,0.01,stochastic,3,5,5,2,Low
919,0.01,stochastic,3,5,10,2,Low
920,0.01,stochastic,3,5,50,2,Low
921,0.01,stochastic,3,10,5,2,Low
922,0.01,stochastic,3,10,10,2,Low
923,0.01,stochastic,3,10,50,2,Low
924,0.01,stochastic,3,15,5,2,Low
925,0.01,stochastic,3,15,10,2,Low
926,0.01,stochastic,3,15,50,2,Low
927,0.05,stochastic,3,5,5,2,Low
928,0.05,stochastic,3,5,10,2,Low
929,0.05,stochastic,3,5,50,2,Low
930,0.05,stochastic,3,10,5,2,Low
931,0.05,stochastic,3,10,10,2,Low
932,0.05,stochastic,3,10,50,2,Low
933,0.05,stochastic,3,15,5,2,Low
934,0.05,stochastic,3,15,10,2,Low
935,0.05,stochastic,3,15,50,2,Low
936,0.1,stochastic,3,5,5,2,Low
937,0.1,stochastic,3,5,10,2,Low
938,0.1,stochastic,3,5,50,2,Low
939,0.1,stochastic,3,10,5,2,Low
940,0.1,stochastic,3,10,10,2,Low
941,0.1,stochastic,3,10,50,2,Low
942,0.1,stochastic,3,15,5,2,Low
943,0.1,stochastic,3,15,10,2,Low
944,0.1,stochastic,3,15,50,2,Low
945,0.01,stochastic,10,5,5,2,Low
946,0.01,stochastic,10,5,10,2,Low
947,0.01,stochastic,10,5,50,2,Low
948,0.01,stochastic,10,10,5,2,Low
949,0.01,stochastic,10,10,10,2,Low
950,0.01,stochastic,10,10,50,2,Low
951,0.01,stochastic,10,15,5,2,Low
952,0.01,stochastic,10,15,10,2,Low
953,0.01,stochastic,10,15,50,2,Low
954,0.05,stochastic,10,5,5,2,Low
955,0.05,stochastic,10,5,10,2,Low
956,0.05,stochastic,10,5,50,2,Low
957,0.05,stochastic,10,10,5,2,Low
958,0.05,stochastic,10,10,10,2,Low
959,0.05,stochastic,10,10,50,2,Low
960,0.05,stochastic,10,15,5,2,Low
961,0.05,stochastic,10,15,10,2,Low
962,0.05,stochastic,10,15,50,2,Low
963,0.1,stochastic,10,5,5,2,Low
964,0.1,stochastic,10,5,10,2,Low
965,0.1,stochastic,10,5,50,2,Low
966,0.1,stochastic,10,10,5,2,Low
967,0.1,stochastic,10,10,10,2,Low
968,0.1,stochastic,10,10,50,2,Low
969,0.1,stochastic,10,15,5,2,Low
970,0.1,stochastic,10,15,10,2,Low
971,0.1,stochastic,10,15,50,2,Low
972,0.01,even,3,5,5,3,Low
973,0.01,even,3,5,10,3,Low
974,0.01,even,3,5,50,3,Low
975,0.01,even,3,10,5,3,Low
976,0.01,even,3,10,10,3,Low
977,0.01,even,3,10,50,3,Low
978,0.01,even,3,15,5,3,Low
979,0.01,even,3,15,10,3,Low
980,0.01,even,3,15,50,3,Low
981,0.05,even,3,5,5,3,Low
982,0.05,even,3,5,10,3,Low
983,0.05,even,3,5,50,3,Low
984,0.05,even,3,10,5,3,Low
985,0.05,even,3,10,10,3,Low
986,0.05,even,3,10,50,3,Low
987,0.05,even,3,15,5,3,Low
988,0.05,even,3,15,10,3,Low
989,0.05,even,3,15,50,3,Low
990,0.1,even,3,5,5,3,Low
991,0.1,even,3,5,10,3,Low
992,0.1,even,3,5,50,3,Low
993,0.1,even,3,10,5,3,Low
994,0.1,even,3,10,10,3,Low
995,0.1,even,3,10,50,3,Low
996,0.1,even,3,15,5,3,Low
997,0.1,even,3,15,10,3,Low
998,0.1,even,3,15,50,3,Low
999,0.01,even,10,5,5,3,Low
1000,0.01,even,10,5,10,3,Low
1001,0.01,even,10,5,50,3,Low
1002,0.01,even,10,10,5,3,Low
1003,0.01,even,10,10,10,3,Low
1004,0.01,even,10,10,50,3,Low
1005,0.01,even,10,15,5,3,Low
1006,0.01,even,10,15,10,3,Low
1007,0.01,even,10,15,50,3,Low
1008,0.05,even,10,5,5,3,Low
1009,0.05,even,10,5,10,3,Low
1010,0.05,even,10,5,50,3,Low
1011,0.05,even,10,10,5,3,Low
1012,0.05,even,10,10,10,3,Low
1013,0.05,even,10,10,50,3,Low
1014,0.05,even,10,15,5,3,Low
1015,0.05,even,10,15,10,3,Low
1016,0.05,even,10,15,50,3,Low
1017,0.1,even,10,5,5,3,Low
1018,0.1,even,10,5,10,3,Low
1019,0.1,even,10,5,50,3,Low
1020,0.1,even,10,10,5,3,Low
1021,0.1,even,10,10,10,3,Low
1022,0.1,even,10,10,50,3,Low
1023,0.1,even,10,15,5,3,Low
1024,0.1,even,10,15,10,3,Low
1025,0.1,even,10,15,50,3,Low
1026,0.01,sequential,3,5,5,3,Low
1027,0.01,sequential,3,5,10,3,Low
1028,0.01,sequential,3,5,50,3,Low
1029,0.01,sequential,3,10,5,3,Low
1030,0.01,sequential,3,10,10,3,Low
1031,0.01,sequential,3,10,50,3,Low
1032,0.01,sequential,3,15,5,3,Low
1033,0.01,sequential,3,15,10,3,Low
1034,0.01,sequential,3,15,50,3,Low
1035,0.05,sequential,3,5,5,3,Low
1036,0.05,sequential,3,5,10,3,Low
1037,0.05,sequential,3,5,50,3,Low
1038,0.05,sequential,3,10,5,3,Low
1039,0.05,sequential,3,10,10,3,Low
1040,0.05,sequential,3,10,50,3,Low
1041,0.05,sequential,3,15,5,3,Low
1042,0.05,sequential,3,15,10,3,Low
1043,0.05,sequential,3,15,50,3,Low
1044,0.1,sequential,3,5,5,3,Low
1045,0.1,sequential,3,5,10,3,Low
1046,0.1,sequential,3,5,50,3,Low
1047,0.1,sequential,3,10,5,3,Low
1048,0.1,sequential,3,10,10,3,Low
1049,0.1,sequential,3,10,50,3,Low
1050,0.1,sequential,3,15,5,3,Low
1051,0.1,sequential,3,15,10,3,Low
1052,0.1,sequential,3,15,50,3,Low
1053,0.01,sequential,10,5,5,3,Low
1054,0.01,sequential,10,5,10,3,Low
1055,0.01,sequential,10,5,50,3,Low
1056,0.01,sequential,10,10,5,3,Low
1057,0.01,sequential,10,10,10,3,Low
1058,0.01,sequential,10,10,50,3,Low
1059,0.01,sequential,10,15,5,3,Low
1060,0.01,sequential,10,15,10,3,Low
1061,0.01,sequential,10,15,50,3,Low
1062,0.05,sequential,10,5,5,3,Low
1063,0.05,sequential,10,5,10,3,Low
1064,0.05,sequential,10,5,50,3,Low
1065,0.05,sequential,10,10,5,3,Low
1066,0.05,sequential,10,10,10,3,Low
1067,0.05,sequential,10,10,50,3,Low
1068,0.05,sequential,10,15,5,3,Low
1069,0.05,sequential,10,15,10,3,Low
1070,0.05,sequential,10,15,50,3,Low
1071,0.1,sequential,10,5,5,3,Low
1072,0.1,sequential,10,5,10,3,Low
1073,0.1,sequential,10,5,50,3,Low
1074,0.1,sequential,10,10,5,3,Low
1075,0.1,sequential,10,10,10,3,Low
1076,0.1,sequential,10,10,50,3,Low
1077,0.1,sequential,10,15,5,3,Low
1078,0.1,sequential,10,15,10,3,Low
1079,0.1,sequential,10,15,50,3,Low
1080,0.01,stochastic,3,5,5,3,Low
1081,0.01,stochastic,3,5,10,3,Low
1082,0.01,stochastic,3,5,50,3,Low
1083,0.01,stochastic,3,10,5,3,Low
1084,0.01,stochastic,3,10,10,3,Low
1085,0.01,stochastic,3,10,50,3,Low
1086,0.01,stochastic,3,15,5,3,Low
1087,0.01,stochastic,3,15,10,3,Low
1088,0.01,stochastic,3,15,50,3,Low
1089,0.05,stochastic,3,5,5,3,Low
1090,0.05,stochastic,3,5,10,3,Low
1091,0.05,stochastic,3,5,50,3,Low
1092,0.05,stochastic,3,10,5,3,Low
1093,0.05,stochastic,3,10,10,3,Low
1094,0.05,stochastic,3,10,50,3,Low
1095,0.05,stochastic,3,15,5,3,Low
1096,0.05,stochastic,3,15,10,3,Low
1097,0.05,stochastic,3,15,50,3,Low
1098,0.1,stochastic,3,5,5,3,Low
1099,0.1,stochastic,3,5,10,3,Low
1100,0.1,stochastic,3,5,50,3,Low
1101,0.1,stochastic,3,10,5,3,Low
1102,0.1,stochastic,3,10,10,3,Low
1103,0.1,stochastic,3,10,50,3,Low
1104,0.1,stochastic,3,15,5,3,Low
1105,0.1,stochastic,3,15,10,3,Low
1106,0.1,stochastic,3,15,50,3,Low
1107,0.01,stochastic,10,5,5,3,Low
1108,0.01,stochastic,10,5,10,3,Low
1109,0.01,stochastic,10,5,50,3,Low
1110,0.01,stochastic,10,10,5,3,Low
1111,0.01,stochastic,10,10,10,3,Low
1112,0.01,stochastic,10,10,50,3,Low
1113,0.01,stochastic,10,15,5,3,Low
1114,0.01,stochastic,10,15,10,3,Low
1115,0.01,stochastic,10,15,50,3,Low
1116,0.05,stochastic,10,5,5,3,Low
1117,0.05,stochastic,10,5,10,3,Low
1118,0.05,stochastic,10,5,50,3,Low
1119,0.05,stochastic,10,10,5,3,Low
1120,0.05,stochastic,10,10,10,3,Low
1121,0.05,stochastic,10,10,50,3,Low
1122,0.05,stochastic,10,15,5,3,Low
1123,0.05,stochastic,10,15,10,3,Low
1124,0.05,stochastic,10,15,50,3,Low
1125,0.1,stochastic,10,5,5,3,Low
1126,0.1,stochastic,10,5,10,3,Low
1127,0.1,stochastic,10,5,50,3,Low
1128,0.1,stochastic,10,10,5,3,Low
1129,0.1,stochastic,10,10,10,3,Low
1130,0.1,stochastic,10,10,50,3,Low
1131,0.1,stochastic,10,15,5,3,Low
1132,0.1,stochastic,10,15,10,3,Low
1133,0.1,stochastic,10,15,50,3,Low
,,,,,,,
,,,,,,,
,,,,,,,
,,,,,,,
,,,,,,,
,,,,,,,
,,,,,,,
,,,,,,,
,,,,,,,
,,,,,,,
,,,,,,,
,,,,,,,
,,,,,,,
,,,,,,,
,,,,,,,
,,,,,,,
,,,,,,,
,,,,,,,
,,,,,,,
,,,,,,,
,,,,,,,
,,,,,,,
,,,,,,,
,,,,,,,
,,,,,,,
,,,,,,,
,,,,,,,
,,,,,,,
,,,,,,,
,,,,,,,
,,,,,,,
,,,,,,,
,,,,,,,
,,,,,,,
,,,,,,,
,,,,,,,
,,,,,,,
,,,,,,,
,,,,,,,
,,,,,,,
,,,,,,,
,,,,,,,
,,,,,,,
,,,,,,,
,,,,,,,
,,,,,,,
,,,,,,,
,,,,,,,
,,,,,,,
,,,,,,,
,,,,,,,
,,,,,,,
,,,,,,,
,,,,,,,
,,,,,,,
,,,,,,,
,,,,,,,
,,,,,,,
,,,,,,,
,,,,,,,
,,,,,,,
,,,,,,,
,,,,,,,
,,,,,,,
,,,,,,,
,,,,,,,
,,,,,,,
,,,,,,,
,,,,,,,
,,,,,,,
,,,,,,,
,,,,,,,
,,,,,,,
,,,,,,,
,,,,,,,
,,,,,,,
,,,,,,,
,,,,,,,
,,,,,,,
,,,,,,,
,,,,,,,
,,,,,,,
,,,,,,,
,,,,,,,
,,,,,,,
,,,,,,,
,,,,,,,
,,,,,,,
,,,,,,,
,,,,,,,
,,,,,,,
,,,,,,,
,,,,,,,
,,,,,,,
,,,,,,,
,,,,,,,
,,,,,,,
,,,,,,,
,,,,,,,
,,,,,,,
,,,,,,,
,,,,,,,
,,,,,,,
,,,,,,,
,,,,,,,
,,,,,,,
,,,,,,,
,,,,,,,
,,,,,,,
,,,,,,,
,,,,,,,
,,,,,,,
,,,,,,,
,,,,,,,
,,,,,,,
,,,,,,,
,,,,,,,
,,,,,,,
,,,,,,,
,,,,,,,
,,,,,,,
,,,,,,,
,,,,,,,
,,,,,,,
,,,,,,,
,,,,,,,
,,,,,,,
,,,,,,,
,,,,,,,
,,,,,,,
,,,,,,,
,,,,,,,
,,,,,,,
,,,,,,,
,,,,,,,
,,,,,,,
,,,,,,,
,,,,,,,
,,,,,,,
,,,,,,,
,,,,,,,
,,,,,,,
,,,,,,,
,,,,,,,
,,,,,,,
,,,,,,,
,,,,,,,
,,,,,,,
,,,,,,,
,,,,,,,
,,,,,,,
,,,,,,,
,,,,,,,
,,,,,,,
,,,,,,,
,,,,,,,
,,,,,,,
,,,,,,,
,,,,,,,
,,,,,,,
,,,,,,,
,,,,,,,
,,,,,,,
,,,,,,,
,,,,,,,
,,,,,,,
,,,,,,,
,,,,,,,
,,,,,,,
,,,,,,,
,,,,,,,
,,,,,,,
,,,,,,,
,,,,,,,
,,,,,,,
,,,,,,,
,,,,,,,
,,,,,,,
,,,,,,,
,,,,,,,
,,,,,,,
,,,,,,,
,,,,,,,
,,,,,,,
,,,,,,,
,,,,,,,
,,,,,,,
,,,,,,,
,,,,,,,
,,,,,,,
,,,,,,,
,,,,,,,
,,,,,,,
,,,,,,,
,,,,,,,
,,,,,,,
,,,,,,,
,,,,,,,
,,,,,,,
,,,,,,,
,,,,,,,
,,,,,,,
,,,,,,,
,,,,,,,
,,,,,,,
,,,,,,,
,,,,,,,
,,,,,,,
,,,,,,,
,,,,,,,
,,,,,,,
,,,,,,,
,,,,,,,
,,,,,,,
,,,,,,,
,,,,,,,
,,,,,,,
,,,,,,,
,,,,,,,
,,,,,,,
,,,,,,,
,,,,,,,
,,,,,,,
,,,,,,,
,,,,,,,
,,,,,,,
,,,,,,,
,,,,,,,
,,,,,,,
,,,,,,,
,,,,,,,
,,,,,,,
,,,,,,,
,,,,,,,
,,,,,,,
,,,,,,,
,,,,,,,
,,,,,,,
,,,,,,,
,,,,,,,
,,,,,,,
,,,,,,,
,,,,,,,
,,,,,,,
,,,,,,,
,,,,,,,
,,,,,,,
,,,,,,,
,,,,,,,
,,,,,,,
,,,,,,,
,,,,,,,
,,,,,,,
,,,,,,,
,,,,,,,
,,,,,,,
,,,,,,,
,,,,,,,
,,,,,,,
,,,,,,,
,,,,,,,
,,,,,,,
,,,,,,,
,,,,,,,
,,,,,,,
,,,,,,,
,,,,,,,
,,,,,,,
,,,,,,,
,,,,,,,
,,,,,,,
,,,,,,,
,,,,,,,
,,,,,,,
,,,,,,,
,,,,,,,
,,,,,,,
,,,,,,,
,,,,,,,
,,,,,,,
,,,,,,,
,,,,,,,
,,,,,,,
,,,,,,,
,,,,,,,
,,,,,,,
,,,,,,,
,,,,,,,
,,,,,,,
,,,,,,,
,,,,,,,
,,,,,,,
,,,,,,,
,,,,,,,
,,,,,,,
,,,,,,,
,,,,,,,
,,,,,,,
,,,,,,,
,,,,,,,
,,,,,,,
,,,,,,,
,,,,,,,
,,,,,,,
,,,,,,,
,,,,,,,
,,,,,,,
,,,,,,,
,,,,,,,
,,,,,,,
,,,,,,,
,,,,,,,
,,,,,,,
,,,,,,,
,,,,,,,
,,,,,,,
,,,,,,,
,,,,,,,
,,,,,,,
,,,,,,,
,,,,,,,
,,,,,,,
,,,,,,,
,,,,,,,
,,,,,,,
,,,,,,,
,,,,,,,
,,,,,,,
,,,,,,,
,,,,,,,
,,,,,,,
,,,,,,,
,,,,,,,
,,,,,,,
,,,,,,,
,,,,,,,
,,,,,,,
,,,,,,,
,,,,,,,
,,,,,,,
,,,,,,,
,,,,,,,
,,,,,,,
,,,,,,,
,,,,,,,
,,,,,,,
,,,,,,,
,,,,,,,
,,,,,,,
,,,,,,,
,,,,,,,
,,,,,,,
,,,,,,,
,,,,,,,
,,,,,,,
,,,,,,,
,,,,,,,
,,,,,,,
,,,,,,,
,,,,,,,
,,,,,,,
,,,,,,,
,,,,,,,
,,,,,,,
,,,,,,,
,,,,,,,
,,,,,,,
,,,,,,,
,,,,,,,
,,,,,,,
,,,,,,,
,,,,,,,
,,,,,,,
,,,,,,,
,,,,,,,
,,,,,,,
,,,,,,,
,,,,,,,
,,,,,,,
,,,,,,,
,,,,,,,
,,,,,,,
,,,,,,,
,,,,,,,
,,,,,,,
,,,,,,,
,,,,,,,
,,,,,,,
,,,,,,,
,,,,,,,
,,,,,,,
,,,,,,,
,,,,,,,
,,,,,,,
,,,,,,,
,,,,,,,
,,,,,,,
,,,,,,,
,,,,,,,
,,,,,,,
,,,,,,,
,,,,,,,
,,,,,,,
,,,,,,,
,,,,,,,
,,,,,,,
,,,,,,,
,,,,,,,
,,,,,,,
,,,,,,,
,,,,,,,
,,,,,,,
,,,,,,,
,,,,,,,
,,,,,,,
,,,,,,,
,,,,,,,
,,,,,,,
,,,,,,,
,,,,,,,
,,,,,,,
,,,,,,,
,,,,,,,
,,,,,,,
,,,,,,,
,,,,,,,
,,,,,,,
,,,,,,,
,,,,,,,
,,,,,,,
,,,,,,,
,,,,,,,
,,,,,,,
,,,,,,,
,,,,,,,
,,,,,,,
,,,,,,,
,,,,,,,
,,,,,,,
,,,,,,,
,,,,,,,
,,,,,,,
,,,,,,,
,,,,,,,
,,,,,,,
,,,,,,,
,,,,,,,
,,,,,,,
,,,,,,,
,,,,,,,
,,,,,,,
,,,,,,,
,,,,,,,
,,,,,,,
,,,,,,,
,,,,,,,
,,,,,,,
,,,,,,,
,,,,,,,
,,,,,,,
,,,,,,,
,,,,,,,
,,,,,,,
,,,,,,,
,,,,,,,
,,,,,,,
,,,,,,,
,,,,,,,
,,,,,,,
,,,,,,,
,,,,,,,
,,,,,,,
,,,,,,,
,,,,,,,
,,,,,,,
,,,,,,,
,,,,,,,
,,,,,,,
,,,,,,,
,,,,,,,
,,,,,,,
,,,,,,,
,,,,,,,
,,,,,,,
,,,,,,,
,,,,,,,
,,,,,,,
,,,,,,,
,,,,,,,
,,,,,,,
,,,,,,,
,,,,,,,
,,,,,,,
,,,,,,,
,,,,,,,
,,,,,,,
,,,,,,,
,,,,,,,
,,,,,,,
,,,,,,,
,,,,,,,
,,,,,,,
,,,,,,,
,,,,,,,
,,,,,,,
,,,,,,,
,,,,,,,
,,,,,,,
,,,,,,,
,,,,,,,
,,,,,,,
,,,,,,,
,,,,,,,
,,,,,,,
,,,,,,,
,,,,,,,
,,,,,,,
,,,,,,,
,,,,,,,
,,,,,,,
,,,,,,,
,,,,,,,
,,,,,,,
,,,,,,,
,,,,,,,
,,,,,,,
,,,,,,,
,,,,,,,
,,,,,,,
,,,,,,,
,,,,,,,
,,,,,,,
,,,,,,,
,,,,,,,
,,,,,,,
,,,,,,,
,,,,,,,
,,,,,,,
,,,,,,,
,,,,,,,
,,,,,,,
,,,,,,,
,,,,,,,
,,,,,,,
,,,,,,,
,,,,,,,
,,,,,,,
,,,,,,,
,,,,,,,
,,,,,,,
,,,,,,,
,,,,,,,
,,,,,,,
,,,,,,,
,,,,,,,
,,,,,,,
,,,,,,,
,,,,,,,
,,,,,,,
,,,,,,,
,,,,,,,
,,,,,,,
,,,,,,,
,,,,,,,
,,,,,,,
,,,,,,,
,,,,,,,
,,,,,,,
,,,,,,,
,,,,,,,
,,,,,,,
,,,,,,,
,,,,,,,
,,,,,,,
,,,,,,,
,,,,,,,
,,,,,,,
,,,,,,,
,,,,,,,
,,,,,,,
,,,,,,,
,,,,,,,
,,,,,,,
,,,,,,,
,,,,,,,
,,,,,,,
,,,,,,,
,,,,,,,
,,,,,,,
,,,,,,,
,,,,,,,
,,,,,,,
,,,,,,,
,,,,,,,
,,,,,,,
,,,,,,,
,,,,,,,
,,,,,,,
,,,,,,,
,,,,,,,
,,,,,,,
,,,,,,,
,,,,,,,
,,,,,,,
,,,,,,,
,,,,,,,
,,,,,,,
,,,,,,,
,,,,,,,
,,,,,,,
,,,,,,,
,,,,,,,
,,,,,,,
,,,,,,,
,,,,,,,
,,,,,,,
,,,,,,,
,,,,,,,
,,,,,,,
,,,,,,,
,,,,,,,
,,,,,,,
,,,,,,,
,,,,,,,
,,,,,,,
,,,,,,,
,,,,,,,
,,,,,,,
,,,,,,,
,,,,,,,
,,,,,,,
,,,,,,,
,,,,,,,
,,,,,,,
,,,,,,,
,,,,,,,
,,,,,,,
,,,,,,,
,,,,,,,
,,,,,,,
,,,,,,,
,,,,,,,
,,,,,,,
,,,,,,,
,,,,,,,
,,,,,,,
,,,,,,,
,,,,,,,
,,,,,,,
,,,,,,,
,,,,,,,
,,,,,,,
,,,,,,,
,,,,,,,
,,,,,,,
,,,,,,,
,,,,,,,
,,,,,,,
,,,,,,,
,,,,,,,
,,,,,,,
,,,,,,,
,,,,,,,
,,,,,,,
,,,,,,,
,,,,,,,
,,,,,,,
,,,,,,,
,,,,,,,
,,,,,,,
,,,,,,,
,,,,,,,
,,,,,,,
,,,,,,,
,,,,,,,
,,,,,,,
,,,,,,,
,,,,,,,
,,,,,,,
,,,,,,,
,,,,,,,
,,,,,,,
,,,,,,,
,,,,,,,
,,,,,,,
,,,,,,,
,,,,,,,
,,,,,,,
,,,,,,,
,,,,,,,
,,,,,,,
,,,,,,,
,,,,,,,
,,,,,,,
,,,,,,,
,,,,,,,
,,,,,,,
,,,,,,,
,,,,,,,
,,,,,,,
,,,,,,,
,,,,,,,
,,,,,,,
,,,,,,,
,,,,,,,
,,,,,,,
,,,,,,,
,,,,,,,
,,,,,,,
,,,,,,,
,,,,,,,
,,,,,,,
,,,,,,,
,,,,,,,
,,,,,,,
,,,,,,,
,,,,,,,
,,,,,,,
,,,,,,,
,,,,,,,
,,,,,,,
,,,,,,,
,,,,,,,
,,,,,,,
,,,,,,,
,,,,,,,
,,,,,,,
,,,,,,,
,,,,,,,
,,,,,,,
,,,,,,,
,,,,,,,
,,,,,,,
,,,,,,,
,,,,,,,
,,,,,,,
,,,,,,,
,,,,,,,
,,,,,,,
,,,,,,,
,,,,,,,
,,,,,,,
,,,,,,,
,,,,,,,
,,,,,,,
,,,,,,,
,,,,,,,
,,,,,,,
,,,,,,,
,,,,,,,
,,,,,,,
,,,,,,,
,,,,,,,
,,,,,,,
,,,,,,,
,,,,,,,
,,,,,,,
,,,,,,,
,,,,,,,
,,,,,,,
,,,,,,,
,,,,,,,
,,,,,,,
,,,,,,,
,,,,,,,
,,,,,,,
,,,,,,,
,,,,,,,
,,,,,,,
,,,,,,,
,,,,,,,
,,,,,,,
,,,,,,,
,,,,,,,
,,,,,,,
,,,,,,,
,,,,,,,
,,,,,,,
,,,,,,,
,,,,,,,
,,,,,,,
,,,,,,,
,,,,,,,
,,,,,,,
,,,,,,,
,,,,,,,
,,,,,,,
,,,,,,,
,,,,,,,
,,,,,,,
,,,,,,,
,,,,,,,
,,,,,,,
,,,,,,,
,,,,,,,
,,,,,,,
,,,,,,,
,,,,,,,
,,,,,,,
,,,,,,,
,,,,,,,
,,,,,,,
,,,,,,,
,,,,,,,
,,,,,,,
,,,,,,,
,,,,,,,
,,,,,,,
,,,,,,,
,,,,,,,
,,,,,,,
,,,,,,,
,,,,,,,
,,,,,,,
,,,,,,,
,,,,,,,
,,,,,,,
,,,,,,,
,,,,,,,
,,,,,,,
,,,,,,,
,,,,,,,
,,,,,,,
,,,,,,,
,,,,,,,
,,,,,,,
,,,,,,,
,,,,,,,
,,,,,,,
,,,,,,,
,,,,,,,
,,,,,,,
,,,,,,,
,,,,,,,
,,,,,,,
,,,,,,,
,,,,,,,
,,,,,,,
,,,,,,,
,,,,,,,
,,,,,,,
,,,,,,,
,,,,,,,
,,,,,,,
,,,,,,,
,,,,,,,
,,,,,,,
,,,,,,,
,,,,,,,
,,,,,,,
,,,,,,,
,,,,,,,
,,,,,,,
,,,,,,,
,,,,,,,
,,,,,,,
,,,,,,,
,,,,,,,
,,,,,,,
,,,,,,,
,,,,,,,
,,,,,,,
,,,,,,,
,,,,,,,
,,,,,,,
,,,,,,,
,,,,,,,
,,,,,,,
,,,,,,,
,,,,,,,
,,,,,,,
,,,,,,,
,,,,,,,
,,,,,,,
,,,,,,,
,,,,,,,
,,,,,,,
,,,,,,,
,,,,,,,
,,,,,,,
,,,,,,,
,,,,,,,
,,,,,,,
,,,,,,,
,,,,,,,
,,,,,,,
,,,,,,,
,,,,,,,
,,,,,,,
,,,,,,,
,,,,,,,
,,,,,,,
,,,,,,,
,,,,,,,
,,,,,,,
,,,,,,,
,,,,,,,
,,,,,,,
,,,,,,,
,,,,,,,
,,,,,,,
,,,,,,,
,,,,,,,
,,,,,,,
,,,,,,,
,,,,,,,
,,,,,,,
,,,,,,,
,,,,,,,
,,,,,,,
,,,,,,,
,,,,,,,
,,,,,,,
,,,,,,,
,,,,,,,
,,,,,,,
,,,,,,,
,,,,,,,
,,,,,,,
,,,,,,,
,,,,,,,
,,,,,,,
,,,,,,,
,,,,,,,
,,,,,,,
,,,,,,,
,,,,,,,
,,,,,,,
,,,,,,,
,,,,,,,
,,,,,,,
,,,,,,,
,,,,,,,
,,,,,,,
,,,,,,,
,,,,,,,
,,,,,,,
,,,,,,,
,,,,,,,
,,,,,,,
,,,,,,,
,,,,,,,
,,,,,,,
,,,,,,,
,,,,,,,
,,,,,,,
,,,,,,,
,,,,,,,
,,,,,,,
,,,,,,,
,,,,,,,
,,,,,,,
,,,,,,,
,,,,,,,
,,,,,,,
,,,,,,,
,,,,,,,
,,,,,,,
,,,,,,,
,,,,,,,
,,,,,,,
,,,,,,,
,,,,,,,
,,,,,,,
,,,,,,,
,,,,,,,
,,,,,,,
,,,,,,,
,,,,,,,
,,,,,,,
,,,,,,,
,,,,,,,
,,,,,,,
,,,,,,,
,,,,,,,
,,,,,,,
,,,,,,,
,,,,,,,
,,,,,,,
,,,,,,,
,,,,,,,
,,,,,,,
,,,,,,,
,,,,,,,
,,,,,,,
,,,,,,,
,,,,,,,
,,,,,,,
,,,,,,,
,,,,,,,
,,,,,,,
,,,,,,,
,,,,,,,
,,,,,,,
,,,,,,,
,,,,,,,
,,,,,,,
,,,,,,,
,,,,,,,
,,,,,,,